Sample,Sample ID,Plate,qns,RIN,RNAseq
qns30996_001,covid_pax_p0001,qns30996_plate01,qns30996,5.2,1
qns30996_002,COVID_PAX_P0002,qns30996_plate01,qns30996,3.7,1
qns30996_003,COVID_PAX_P0003,qns30996_plate01,qns30996,5.8,1
qns30996_004,COVID_PAX_P0004,qns30996_plate01,qns30996,4.3,1
qns30996_005,COVID_PAX_P0005,qns30996_plate01,qns30996,3.1,0
qns30996_006,COVID_PAX_P0006,qns30996_plate01,qns30996,4.8,1
qns30996_007,COVID_PAX_P0007,qns30996_plate01,qns30996,4.7,1
qns30996_008,COVID_PAX_P0008,qns30996_plate01,qns30996,5.5,1
qns30996_009,COVID_PAX_P0009,qns30996_plate01,qns30996,4.2,0
qns30996_010,COVID_PAX_P0010,qns30996_plate01,qns30996,5.3,1
qns30996_011,COVID_PAX_P0011,qns30996_plate01,qns30996,4.3,1
qns30996_012,COVID_PAX_P0012,qns30996_plate01,qns30996,4.7,1
qns30996_013,COVID_PAX_P0013,qns30996_plate01,qns30996,3.9,0
qns30996_014,COVID_PAX_P0014,qns30996_plate01,qns30996,4.6,1
qns30996_015,COVID_PAX_P0015,qns30996_plate01,qns30996,4.2,1
qns30996_016,COVID_PAX_P0016,qns30996_plate01,qns30996,4.8,1
qns30996_017,COVID_PAX_P0017,qns30996_plate01,qns30996,4.8,1
qns30996_018,COVID_PAX_P0018,qns30996_plate01,qns30996,3.8,1
qns30996_019,COVID_PAX_P0499,qns30996_plate01,qns30996,4.3,1
qns30996_020,COVID_PAX_P0500,qns30996_plate01,qns30996,4.2,1
qns30996_021,COVID_PAX_P0058,qns30996_plate01,qns30996,3.6,1
qns30996_022,COVID_PAX_P0059,qns30996_plate01,qns30996,5.5,1
qns30996_023,COVID_PAX_P0060,qns30996_plate01,qns30996,4.9,1
qns30996_024,COVID_PAX_P0061,qns30996_plate01,qns30996,4.6,1
qns30996_025,COVID_PAX_P0062,qns30996_plate01,qns30996,5.8,1
qns30996_026,COVID_PAX_P0063,qns30996_plate01,qns30996,5.1,1
qns30996_027,COVID_PAX_P0064,qns30996_plate01,qns30996,5.2,1
qns30996_028,COVID_PAX_P0065,qns30996_plate01,qns30996,4.6,1
qns30996_029,COVID_PAX_P0066,qns30996_plate01,qns30996,5.6,1
qns30996_030,COVID_PAX_P0067,qns30996_plate01,qns30996,5,1
qns30996_031,COVID_PAX_P0068,qns30996_plate01,qns30996,4.9,1
qns30996_032,COVID_PAX_P0071,qns30996_plate01,qns30996,4.3,0
qns30996_033,COVID_PAX_P0072,qns30996_plate01,qns30996,6.1,1
qns30996_034,COVID_PAX_P0073,qns30996_plate01,qns30996,5.9,1
qns30996_035,COVID_PAX_P0075,qns30996_plate01,qns30996,5.3,1
qns30996_036,COVID_PAX_P0076,qns30996_plate01,qns30996,5.6,1
qns30996_037,COVID_PAX_P0077,qns30996_plate01,qns30996,5.2,1
qns30996_038,COVID_PAX_P0078,qns30996_plate01,qns30996,5.2,1
qns30996_039,COVID_PAX_P0497,qns30996_plate01,qns30996,5.6,1
qns30996_040,COVID_PAX_P0019,qns30996_plate01,qns30996,5.5,1
qns30996_041,COVID_PAX_P0020,qns30996_plate01,qns30996,5.6,1
qns30996_042,COVID_PAX_P0021,qns30996_plate01,qns30996,5.5,1
qns30996_043,COVID_PAX_P0022,qns30996_plate01,qns30996,6,1
qns30996_044,COVID_PAX_P0023,qns30996_plate01,qns30996,5.4,1
qns30996_045,COVID_PAX_P0024,qns30996_plate01,qns30996,4.4,1
qns30996_046,COVID_PAX_P0025,qns30996_plate01,qns30996,5.1,1
qns30996_047,COVID_PAX_P0026,qns30996_plate01,qns30996,5.9,1
qns30996_048,COVID_PAX_P0027,qns30996_plate01,qns30996,4.9,1
qns30996_049,COVID_PAX_P0028,qns30996_plate01,qns30996,6.2,1
qns30996_050,COVID_PAX_P0029,qns30996_plate01,qns30996,5.6,1
qns30996_051,COVID_PAX_P0030,qns30996_plate01,qns30996,5.4,1
qns30996_052,COVID_PAX_P0031,qns30996_plate01,qns30996,5.4,1
qns30996_053,COVID_PAX_P0032,qns30996_plate01,qns30996,4.7,1
qns30996_054,COVID_PAX_P0033,qns30996_plate01,qns30996,5.7,1
qns30996_055,COVID_PAX_P0034,qns30996_plate01,qns30996,5.6,1
qns30996_056,COVID_PAX_P0035,qns30996_plate01,qns30996,6.1,1
qns30996_057,COVID_PAX_P0036,qns30996_plate01,qns30996,4.1,1
qns30996_058,COVID_PAX_P0037,qns30996_plate01,qns30996,4.9,1
qns30996_059,COVID_PAX_P0498,qns30996_plate01,qns30996,4.7,1
qns30996_060,covid_pax_p0038,qns30996_plate01,qns30996,4.8,1
qns30996_061,covid_pax_p0039,qns30996_plate01,qns30996,4.6,1
qns30996_062,covid_pax_p0040,qns30996_plate01,qns30996,5.5,1
qns30996_063,covid_pax_p0041,qns30996_plate01,qns30996,6,1
qns30996_064,covid_pax_p0042,qns30996_plate01,qns30996,6.2,1
qns30996_065,COVID_PAX_P0043,qns30996_plate01,qns30996,5.9,1
qns30996_066,COVID_PAX_P0044,qns30996_plate01,qns30996,5.2,1
qns30996_067,COVID_PAX_P0045,qns30996_plate01,qns30996,5.9,1
qns30996_068,COVID_PAX_P0046,qns30996_plate01,qns30996,4.8,1
qns30996_069,COVID_PAX_P0047,qns30996_plate01,qns30996,5.9,1
qns30996_070,COVID_PAX_P0048,qns30996_plate01,qns30996,5.5,1
qns30996_071,COVID_PAX_P0049,qns30996_plate01,qns30996,5.4,1
qns30996_072,COVID_PAX_P0050,qns30996_plate01,qns30996,4.9,1
qns30996_073,COVID_PAX_P0051,qns30996_plate01,qns30996,6,1
qns30996_074,COVID_PAX_P0052,qns30996_plate01,qns30996,4.8,1
qns30996_075,COVID_PAX_P0053,qns30996_plate01,qns30996,5.6,1
qns30996_076,COVID_PAX_P0054,qns30996_plate01,qns30996,4.5,1
qns30996_077,COVID_PAX_P0056,qns30996_plate01,qns30996,4.2,1
qns30996_078,COVID_PAX_P0057,qns30996_plate01,qns30996,5.5,1
qns30996_079,COVID_PAX_P0079,qns30996_plate01,qns30996,5.1,1
qns30996_080,COVID_PAX_P0080,qns30996_plate01,qns30996,6.1,1
qns30996_081,COVID_PAX_P0081,qns30996_plate01,qns30996,5.7,1
qns30996_082,COVID_PAX_P0082,qns30996_plate01,qns30996,5,1
qns30996_083,COVID_PAX_P0083,qns30996_plate01,qns30996,4.7,1
qns30996_084,COVID_PAX_P0084,qns30996_plate01,qns30996,5,1
qns30996_085,COVID_PAX_P0085,qns30996_plate01,qns30996,5.3,1
qns30996_086,COVID_PAX_P0086,qns30996_plate01,qns30996,5.3,1
qns30996_087,COVID_PAX_P0087,qns30996_plate01,qns30996,6.4,1
qns30996_088,COVID_PAX_P0088,qns30996_plate01,qns30996,6.3,1
qns30996_089,COVID_PAX_P0089,qns30996_plate01,qns30996,5.4,1
qns30996_090,COVID_PAX_P0090,qns30996_plate01,qns30996,4.9,1
qns30996_091,COVID_PAX_P0091,qns30996_plate01,qns30996,5.1,1
qns30996_092,COVID_PAX_P0092,qns30996_plate01,qns30996,5.6,1
qns30996_093,COVID_PAX_P0093,qns30996_plate01,qns30996,5.8,1
qns30996_094,COVID_PAX_P0094,qns30996_plate01,qns30996,5.9,1
qns30996_095,COVID_PAX_P0095,qns30996_plate01,qns30996,6,1
qns30996_096,COVID_PAX_P0096,qns30996_plate02,qns30996,4,0
qns30996_097,COVID_PAX_P0495,qns30996_plate02,qns30996,6,1
qns30996_098,COVID_PAX_P0496,qns30996_plate02,qns30996,5.5,1
qns30996_099,COVID_PAX_P0097,qns30996_plate02,qns30996,6.2,1
qns30996_100,covid_pax_p0098,qns30996_plate02,qns30996,6,1
qns30996_101,covid_pax_p0099,qns30996_plate02,qns30996,5.4,1
qns30996_102,covid_pax_p0100,qns30996_plate02,qns30996,5.6,1
qns30996_103,covid_pax_p0101,qns30996_plate02,qns30996,6.2,1
qns30996_104,covid_pax_p0102,qns30996_plate02,qns30996,4.5,0
qns30996_105,COVID_PAX_P0103,qns30996_plate02,qns30996,5.9,1
qns30996_106,COVID_PAX_P0104,qns30996_plate02,qns30996,5.2,1
qns30996_107,COVID_PAX_P0105,qns30996_plate02,qns30996,5.7,1
qns30996_108,COVID_PAX_P0106,qns30996_plate02,qns30996,6,1
qns30996_109,COVID_PAX_P0107,qns30996_plate02,qns30996,5.1,1
qns30996_110,COVID_PAX_P0109,qns30996_plate02,qns30996,5.3,1
qns30996_111,COVID_PAX_P0110,qns30996_plate02,qns30996,5.7,1
qns30996_112,COVID_PAX_P0111,qns30996_plate02,qns30996,5,1
qns30996_113,COVID_PAX_P0112,qns30996_plate02,qns30996,5.7,1
qns30996_114,COVID_PAX_P0113,qns30996_plate02,qns30996,4.9,1
qns30996_115,COVID_PAX_P0114,qns30996_plate02,qns30996,5.4,1
qns30996_116,covid_pax_p0115,qns30996_plate02,qns30996,5.1,1
qns30996_117,covid_pax_p0116,qns30996_plate02,qns30996,6,1
qns30996_118,COVID_EDTA_E3131,qns30996_plate02,qns30996,5.3,1
qns30996_119,COVID_EDTA_E3132,qns30996_plate02,qns30996,5.6,1
qns30996_120,COVID_EDTA_E3134,qns30996_plate02,qns30996,6.5,1
qns30996_121,COVID_PAX_P0117,qns30996_plate02,qns30996,5.9,1
qns30996_122,COVID_PAX_P0118,qns30996_plate02,qns30996,5.4,1
qns30996_123,COVID_PAX_P0119,qns30996_plate02,qns30996,5.5,1
qns30996_124,COVID_PAX_P0120,qns30996_plate02,qns30996,5.5,1
qns30996_125,COVID_PAX_P0121,qns30996_plate02,qns30996,5.5,1
qns30996_126,COVID_PAX_P0122,qns30996_plate02,qns30996,6.5,1
qns30996_127,COVID_PAX_P0123,qns30996_plate02,qns30996,6.5,1
qns30996_128,COVID_PAX_P0124,qns30996_plate02,qns30996,5.7,1
qns30996_129,COVID_PAX_P0125,qns30996_plate02,qns30996,6.3,1
qns30996_130,COVID_PAX_P0126,qns30996_plate02,qns30996,5.3,1
qns30996_131,COVID_PAX_P0127,qns30996_plate02,qns30996,5.2,1
qns30996_132,COVID_PAX_P0128,qns30996_plate02,qns30996,5.7,1
qns30996_133,COVID_PAX_P0129,qns30996_plate02,qns30996,6.1,1
qns30996_134,COVID_PAX_P0133,qns30996_plate02,qns30996,6.1,1
qns30996_135,COVID_PAX_P0134,qns30996_plate02,qns30996,4.9,1
qns30996_136,COVID_PAX_P0135,qns30996_plate02,qns30996,5.2,1
qns30996_137,COVID_PAX_P0136,qns30996_plate02,qns30996,5.4,1
qns30996_138,COVID_PAX_P0137,qns30996_plate02,qns30996,5.9,0
qns30996_139,COVID_PAX_P0138,qns30996_plate02,qns30996,5.5,1
qns30996_140,COVID_PAX_P0139,qns30996_plate02,qns30996,6.2,1
qns30996_141,COVID_PAX_P0140,qns30996_plate02,qns30996,6.6,1
qns30996_142,COVID_PAX_P0141,qns30996_plate02,qns30996,6.2,1
qns30996_143,COVID_PAX_P0142,qns30996_plate02,qns30996,4.5,0
qns30996_144,COVID_PAX_P0143,qns30996_plate02,qns30996,6.4,1
qns30996_145,COVID_PAX_P0144,qns30996_plate02,qns30996,5.8,1
qns30996_146,COVID_PAX_P0145,qns30996_plate02,qns30996,4.6,1
qns30996_147,COVID_PAX_P0146,qns30996_plate02,qns30996,6.2,1
qns30996_148,COVID_PAX_P0147,qns30996_plate02,qns30996,6.3,1
qns30996_149,COVID_PAX_P0148,qns30996_plate02,qns30996,6.2,1
qns30996_150,COVID_PAX_P0149,qns30996_plate02,qns30996,5.9,1
qns30996_151,COVID_PAX_P0150,qns30996_plate02,qns30996,5.2,1
qns30996_152,COVID_PAX_P0151,qns30996_plate02,qns30996,5.7,1
qns30996_153,COVID_PAX_P0152,qns30996_plate02,qns30996,5.9,1
qns30996_154,COVID_PAX_P0493,qns30996_plate02,qns30996,6.2,1
qns30996_155,COVID_PAX_P0494,qns30996_plate02,qns30996,5.9,1
qns30996_156,COVID_PAX_P0153,qns30996_plate02,qns30996,5.9,1
qns30996_157,COVID_PAX_P0154,qns30996_plate02,qns30996,6.1,1
qns30996_158,COVID_PAX_P0155,qns30996_plate02,qns30996,6,1
qns30996_159,COVID_PAX_P0156,qns30996_plate02,qns30996,6.3,1
qns30996_160,COVID_PAX_P0157,qns30996_plate02,qns30996,6.3,1
qns30996_161,COVID_PAX_P0159,qns30996_plate02,qns30996,6.2,1
qns30996_162,COVID_PAX_P0160,qns30996_plate02,qns30996,5.6,1
qns30996_163,COVID_PAX_P0161,qns30996_plate02,qns30996,5.4,1
qns30996_164,COVID_PAX_P0162,qns30996_plate02,qns30996,6.3,1
qns30996_165,COVID_PAX_P0163,qns30996_plate02,qns30996,6.6,1
qns30996_166,COVID_PAX_P0164,qns30996_plate02,qns30996,5.8,1
qns30996_167,COVID_PAX_P0165,qns30996_plate02,qns30996,7.1,1
qns30996_168,COVID_PAX_P0166,qns30996_plate02,qns30996,5.8,1
qns30996_169,COVID_PAX_P0169,qns30996_plate02,qns30996,6.1,1
qns30996_170,COVID_PAX_P0170,qns30996_plate02,qns30996,4.9,1
qns30996_171,COVID_PAX_P0171,qns30996_plate02,qns30996,5.9,1
qns30996_172,COVID_PAX_P0172,qns30996_plate02,qns30996,6,1
qns30996_173,COVID_PAX_P0173,qns30996_plate02,qns30996,6.2,1
qns30996_174,COVID_PAX_P0174,qns30996_plate02,qns30996,6.7,1
qns30996_175,COVID_PAX_P0175,qns30996_plate02,qns30996,6.5,1
qns30996_176,COVID_PAX_P0176,qns30996_plate02,qns30996,6.1,1
qns30996_177,COVID_PAX_P0177,qns30996_plate02,qns30996,6.5,1
qns30996_178,COVID_PAX_P0178,qns30996_plate02,qns30996,5.3,1
qns30996_179,COVID_PAX_P0179,qns30996_plate02,qns30996,5.9,1
qns30996_180,COVID_PAX_P0180,qns30996_plate02,qns30996,6.5,1
qns30996_181,COVID_PAX_P0181,qns30996_plate02,qns30996,5.5,1
qns30996_182,COVID_PAX_P0182,qns30996_plate02,qns30996,5.8,1
qns30996_183,COVID_PAX_P0183,qns30996_plate02,qns30996,5.8,1
qns30996_184,COVID_PAX_P0184,qns30996_plate02,qns30996,5.7,1
qns30996_185,COVID_PAX_P0185,qns30996_plate02,qns30996,5.7,1
qns30996_186,COVID_PAX_P0186,qns30996_plate02,qns30996,4.8,0
qns30996_187,COVID_PAX_P0187,qns30996_plate02,qns30996,2.7,0
qns30996_188,COVID_PAX_P0188,qns30996_plate02,qns30996,6,1
qns30996_189,COVID_PAX_P0189,qns30996_plate02,qns30996,6.2,1
qns30996_190,COVID_PAX_P0190,qns30996_plate02,qns30996,5.5,1
qns30996_191,COVID_PAX_P0192,qns30996_plate03,qns30996,5.7,1
qns30996_192,COVID_PAX_P0193,qns30996_plate03,qns30996,6.1,1
qns30996_193,COVID_PAX_P0194,qns30996_plate03,qns30996,4.8,1
qns30996_194,COVID_PAX_P0195,qns30996_plate03,qns30996,6.1,1
qns30996_195,COVID_PAX_P0196,qns30996_plate03,qns30996,5.7,1
qns30996_196,COVID_PAX_P0197,qns30996_plate03,qns30996,5.9,1
qns30996_197,COVID_PAX_P0198,qns30996_plate03,qns30996,5.7,1
qns30996_198,COVID_PAX_P0199,qns30996_plate03,qns30996,4.8,1
qns30996_199,COVID_PAX_P0200,qns30996_plate03,qns30996,5.2,1
qns30996_200,COVID_PAX_P0201,qns30996_plate03,qns30996,NA,1
qns30996_201,COVID_PAX_P0210,qns30996_plate03,qns30996,5.6,1
qns30996_202,COVID_PAX_P0211,qns30996_plate03,qns30996,5,1
qns30996_203,COVID_PAX_P0202,qns30996_plate03,qns30996,3.7,1
qns30996_204,COVID_PAX_P0203,qns30996_plate03,qns30996,5,1
qns30996_205,COVID_PAX_P0204,qns30996_plate03,qns30996,4.4,1
qns30996_206,COVID_PAX_P0205,qns30996_plate03,qns30996,5.3,1
qns30996_207,COVID_PAX_P0206,qns30996_plate03,qns30996,5,1
qns30996_208,COVID_PAX_P0207,qns30996_plate03,qns30996,5.6,1
qns30996_209,COVID_PAX_P0208,qns30996_plate03,qns30996,4.4,1
qns30996_210,COVID_PAX_P0209,qns30996_plate03,qns30996,4.6,1
qns30996_211,COVID_PAX_P0212,qns30996_plate03,qns30996,5.6,1
qns30996_212,COVID_PAX_P0213,qns30996_plate03,qns30996,4.8,1
qns30996_213,COVID_PAX_P0214,qns30996_plate03,qns30996,5.1,1
qns30996_214,COVID_PAX_P0215,qns30996_plate03,qns30996,4.8,1
qns30996_215,COVID_PAX_P0216,qns30996_plate03,qns30996,4.7,0
qns30996_216,COVID_PAX_P0217,qns30996_plate03,qns30996,5.8,1
qns30996_217,COVID_PAX_P0218,qns30996_plate03,qns30996,5.2,1
qns30996_218,COVID_PAX_P0219,qns30996_plate03,qns30996,5.3,1
qns30996_219,COVID_PAX_P0220,qns30996_plate03,qns30996,5.4,1
qns30996_220,COVID_PAX_P0221,qns30996_plate03,qns30996,4,1
qns30996_221,COVID_PAX_P0222,qns30996_plate03,qns30996,2.8,0
qns30996_222,COVID_PAX_P0223,qns30996_plate03,qns30996,5.3,1
qns30996_223,COVID_PAX_P0225,qns30996_plate03,qns30996,5.6,1
qns30996_224,COVID_PAX_P0226,qns30996_plate03,qns30996,5,1
qns30996_225,COVID_PAX_P0227,qns30996_plate03,qns30996,5.6,1
qns30996_226,COVID_PAX_P0228,qns30996_plate03,qns30996,4.8,1
qns30996_227,COVID_PAX_P0229,qns30996_plate03,qns30996,4.8,1
qns30996_228,COVID_PAX_P0230,qns30996_plate03,qns30996,4.7,1
qns30996_229,COVID_PAX_P0231,qns30996_plate03,qns30996,2.3,1
qns30996_230,COVID_PAX_P0233,qns30996_plate03,qns30996,5.2,1
qns30996_231,COVID_PAX_P0234,qns30996_plate03,qns30996,5.3,1
qns30996_232,COVID_PAX_P0235,qns30996_plate03,qns30996,4.1,1
qns30996_233,COVID_PAX_P0236,qns30996_plate03,qns30996,5,1
qns30996_234,COVID_PAX_P0237,qns30996_plate03,qns30996,3.8,1
qns30996_235,COVID_PAX_P0238,qns30996_plate03,qns30996,5.2,1
qns30996_236,COVID_PAX_P0239,qns30996_plate03,qns30996,5.4,1
qns30996_237,COVID_PAX_P0240,qns30996_plate03,qns30996,4.8,1
qns30996_238,COVID_PAX_P0241,qns30996_plate03,qns30996,5.3,1
qns30996_239,COVID_PAX_P0242,qns30996_plate03,qns30996,5.2,1
qns30996_240,COVID_PAX_P0243,qns30996_plate03,qns30996,5.2,1
qns30996_241,COVID_PAX_P0244,qns30996_plate03,qns30996,4.4,1
qns30996_242,COVID_PAX_P0245,qns30996_plate03,qns30996,4.9,1
qns30996_243,COVID_PAX_P0246,qns30996_plate03,qns30996,4.1,1
qns30996_244,COVID_PAX_P0247,qns30996_plate03,qns30996,5.3,1
qns30996_245,COVID_PAX_P0248,qns30996_plate03,qns30996,3.8,1
qns30996_246,COVID_PAX_P0249,qns30996_plate03,qns30996,5.3,1
qns30996_247,COVID_PAX_P0250,qns30996_plate03,qns30996,5,1
qns30996_248,COVID_PAX_P0251,qns30996_plate03,qns30996,5.2,1
qns30996_249,COVID_PAX_P0252,qns30996_plate03,qns30996,4.9,1
qns30996_250,COVID_PAX_P0253,qns30996_plate03,qns30996,4.4,1
qns30996_251,COVID_PAX_P0254,qns30996_plate03,qns30996,4.8,1
qns30996_252,COVID_PAX_P0255,qns30996_plate03,qns30996,4.2,1
qns30996_253,COVID_PAX_P0256,qns30996_plate03,qns30996,4,1
qns30996_254,COVID_PAX_P0257,qns30996_plate03,qns30996,5,1
qns30996_255,COVID_PAX_P0055,qns30996_plate03,qns30996,5.1,1
qns30996_256,COVID_PAX_P0132,qns30996_plate03,qns30996,5.2,1
qns30996_257,PANAMO_PAX_P0018,qns30996_plate03,qns30996,5,1
qns30996_258,PANAMO_PAX_P0019,qns30996_plate03,qns30996,5,1
qns30996_259,PANAMO_PAX_P0009,qns30996_plate03,qns30996,5.2,1
qns30996_260,PANAMO_PAX_P0016,qns30996_plate03,qns30996,5.1,1
qns30996_261,PANAMO_PAX_P0010,qns30996_plate03,qns30996,5.5,1
qns30996_262,PANAMO_PAX_P0007,qns30996_plate03,qns30996,6.1,1
qns30996_263,PANAMO_PAX_P0008,qns30996_plate03,qns30996,5.5,1
qns30996_264,PANAMO_PAX_P0011,qns30996_plate03,qns30996,5.2,1
qns30996_265,PANAMO_PAX_P0012,qns30996_plate03,qns30996,4.8,1
qns30996_266,PANAMO_PAX_P0015,qns30996_plate03,qns30996,5,1
qns30996_267,PANAMO_PAX_P0017,qns30996_plate03,qns30996,5.6,1
qns30996_268,PANAMO_PAX_P0020,qns30996_plate03,qns30996,4.9,1
qns30996_269,PANAMO_PAX_P0021,qns30996_plate03,qns30996,5.1,1
qns30996_270,PANAMO_PAX_P0022,qns30996_plate03,qns30996,5.5,1
qns30996_271,PANAMO_PAX_P0023,qns30996_plate03,qns30996,5.6,0
qns30996_272,PANAMO_PAX_P0024,qns30996_plate03,qns30996,5.6,1
qns30996_273,PANAMO_PAX_P0025,qns30996_plate03,qns30996,5.2,1
qns30996_274,PANAMO_PAX_P0001,qns30996_plate03,qns30996,5,1
qns30996_275,PANAMO_PAX_P0002,qns30996_plate03,qns30996,5.5,1
qns30996_276,PANAMO_PAX_P0013,qns30996_plate03,qns30996,5.1,1
qns30996_277,PANAMO_PAX_P0014,qns30996_plate03,qns30996,5.3,1
qns30996_278,PANAMO_PAX_P0003,qns30996_plate03,qns30996,5.8,1
qns30996_279,PANAMO_PAX_P0004,qns30996_plate03,qns30996,5.6,1
qns30996_280,PANAMO_PAX_P0005,qns30996_plate03,qns30996,5.5,1
qns30996_281,PANAMO_PAX_P0006,qns30996_plate03,qns30996,6,1
qns30996_282,PANAMO_PAX_P0026,qns30996_plate03,qns30996,5.6,1
qns30996_283,PANAMO_PAX_P0027,qns30996_plate03,qns30996,5.6,1
qns30996_284,PANAMO_PAX_P0028,qns30996_plate03,qns30996,6.1,1
qns30996_285,PANAMO_PAX_P0029,qns30996_plate03,qns30996,5.7,1
qns30996_286,PANAMO_PAX_P0030,qns30996_plate04,qns30996,4.4,1
qns30996_287,PANAMO_PAX_P0031,qns30996_plate04,qns30996,5.5,1
qns30996_288,PANAMO_PAX_P0032,qns30996_plate04,qns30996,6,1
qns30996_289,PANAMO_PAX_P0033,qns30996_plate04,qns30996,5.7,1
qns30996_290,PANAMO_PAX_P0034,qns30996_plate04,qns30996,5.3,1
qns30996_291,PANAMO_PAX_P0035,qns30996_plate04,qns30996,5.5,1
qns30996_292,PANAMO_PAX_P0036,qns30996_plate04,qns30996,1.6,1
qns30996_293,PANAMO_PAX_P0037,qns30996_plate04,qns30996,5.7,1
qns30996_294,PANAMO_PAX_P0038,qns30996_plate04,qns30996,6.4,1
qns30996_295,PANAMO_PAX_P0041,qns30996_plate04,qns30996,6,1
qns30996_296,PANAMO_PAX_P0039,qns30996_plate04,qns30996,5.4,1
qns30996_297,PANAMO_PAX_P0040,qns30996_plate04,qns30996,4.2,1
qns30996_298,PANAMO_PAX_P0042,qns30996_plate04,qns30996,5.5,1
qns30996_299,PANAMO_PAX_P0043,qns30996_plate04,qns30996,4.6,1
qns30996_300,PANAMO_PAX_P0044,qns30996_plate04,qns30996,4.4,0
qns30996_301,PANAMO_PAX_P0045,qns30996_plate04,qns30996,5.6,1
qns30996_302,panamo_pax_p0046,qns30996_plate04,qns30996,5.8,1
qns30996_303,PANAMO_PAX_P0047,qns30996_plate04,qns30996,5,1
qns30996_304,PANAMO_PAX_P0048,qns30996_plate04,qns30996,5.5,1
qns30996_305,PANAMO_PAX_P0049,qns30996_plate04,qns30996,5,1
qns30996_306,PANAMO_PAX_P0050,qns30996_plate04,qns30996,4.9,0
qns30996_307,PANAMO_PAX_P0051,qns30996_plate04,qns30996,5.3,1
qns30996_308,PANAMO_PAX_P0052,qns30996_plate04,qns30996,5.2,1
qns30996_309,PANAMO_PAX_P0053,qns30996_plate04,qns30996,4.5,1
qns30996_310,PANAMO_PAX_P0054,qns30996_plate04,qns30996,5.8,1
qns30996_311,PANAMO_PAX_P0055,qns30996_plate04,qns30996,3.4,1
qns30996_312,PANAMO_PAX_P0056,qns30996_plate04,qns30996,3.7,0
qns30996_313,PANAMO_PAX_P0057,qns30996_plate04,qns30996,4.6,1
qns30996_314,PANAMO_PAX_P0058,qns30996_plate04,qns30996,NA,0
qns30996_315,PANAMO_PAX_P0059,qns30996_plate04,qns30996,4,0
qns30996_316,PANAMO_PAX_P0060,qns30996_plate04,qns30996,5.6,1
qns30996_317,PANAMO_PAX_P0061,qns30996_plate04,qns30996,5.6,1
qns30996_318,PANAMO_PAX_P0062,qns30996_plate04,qns30996,5.5,1
qns30996_319,PANAMO_PAX_P0063,qns30996_plate04,qns30996,5,1
qns30996_320,PANAMO_PAX_P0064,qns30996_plate04,qns30996,4.1,1
qns30996_321,PANAMO_PAX_P0065,qns30996_plate04,qns30996,5.1,1
qns30996_322,PANAMO_PAX_P0066,qns30996_plate04,qns30996,5.1,1
qns30996_323,PANAMO_PAX_P0067,qns30996_plate04,qns30996,4.3,0
qns30996_324,PANAMO_PAX_P0068,qns30996_plate04,qns30996,5.3,1
qns30996_325,PANAMO_PAX_P0069,qns30996_plate04,qns30996,5.7,1
qns30996_326,PANAMO_PAX_P0070,qns30996_plate04,qns30996,4.9,1
qns30996_327,PANAMO_PAX_P0071,qns30996_plate04,qns30996,5.5,1
qns30996_328,PANAMO_PAX_P0072,qns30996_plate04,qns30996,3.9,1
qns30996_329,PANAMO_PAX_P0073,qns30996_plate04,qns30996,4.1,0
qns30996_330,PANAMO_PAX_P0074,qns30996_plate04,qns30996,6.1,1
qns30996_331,PANAMO_PAX_P0075,qns30996_plate04,qns30996,5.9,1
qns30996_332,PANAMO_PAX_P0076,qns30996_plate04,qns30996,5.5,1
qns30996_333,PANAMO_PAX_P0077,qns30996_plate04,qns30996,6.1,1
qns30996_334,PANAMO_PAX_P0078,qns30996_plate04,qns30996,6.3,1
qns30996_335,PANAMO_PAX_P0079,qns30996_plate04,qns30996,6.2,1
qns30996_336,PANAMO_PAX_P0080,qns30996_plate04,qns30996,5.4,0
qns30996_337,PANAMO_PAX_P0081,qns30996_plate04,qns30996,5.6,1
qns30996_338,PANAMO_PAX_P0082,qns30996_plate04,qns30996,5,1
qns30996_339,PANAMO_PAX_P0083,qns30996_plate04,qns30996,5.3,1
qns30996_340,PANAMO_PAX_P0084,qns30996_plate04,qns30996,4.4,1
qns30996_341,PANAMO_PAX_P0085,qns30996_plate04,qns30996,NA,1
qns30996_342,PANAMO_PAX_P0086,qns30996_plate04,qns30996,5.7,1
qns30996_343,PANAMO_PAX_P0087,qns30996_plate04,qns30996,5.1,1
qns30996_344,PANAMO_PAX_P0088,qns30996_plate04,qns30996,5.3,1
qns30996_345,PANAMO_PAX_P0089,qns30996_plate04,qns30996,4.3,0
qns30996_346,PANAMO_PAX_P0090,qns30996_plate04,qns30996,5,1
qns30996_347,PANAMO_PAX_P0091,qns30996_plate04,qns30996,4.7,1
qns30996_348,PANAMO_PAX_P0092,qns30996_plate04,qns30996,5.1,1
qns30996_349,PANAMO_PAX_P0093,qns30996_plate04,qns30996,4.3,0
qns30996_350,PANAMO_PAX_P0094,qns30996_plate04,qns30996,5.1,1
qns30996_351,PANAMO_PAX_P0095,qns30996_plate04,qns30996,5,1
qns30996_352,PANAMO_PAX_P0096,qns30996_plate04,qns30996,NA,0
qns30996_353,PANAMO_PAX_P0097,qns30996_plate04,qns30996,4.9,1
qns30996_354,PANAMO_PAX_P0098,qns30996_plate04,qns30996,NA,1
qns30996_355,PANAMO_PAX_P0099,qns30996_plate04,qns30996,3.4,0
qns30996_356,PANAMO_PAX_P0100,qns30996_plate04,qns30996,5.1,1
qns30996_357,PANAMO_PAX_P0104,qns30996_plate04,qns30996,5.5,1
qns30996_358,PANAMO_PAX_P0105,qns30996_plate04,qns30996,5.5,1
qns30996_359,PANAMO_PAX_P0107,qns30996_plate04,qns30996,5.2,1
qns30996_360,PANAMO_PAX_P0108,qns30996_plate04,qns30996,5.4,1
qns30996_361,PANAMO_PAX_P0109,qns30996_plate04,qns30996,6.7,1
qns30996_362,PANAMO_PAX_P0110,qns30996_plate04,qns30996,5.1,1
qns30996_363,PANAMO_PAX_P0111,qns30996_plate04,qns30996,6,1
qns30996_364,PANAMO_PAX_P0112,qns30996_plate04,qns30996,5.5,1
qns30996_365,PANAMO_PAX_P0113,qns30996_plate04,qns30996,3.4,1
qns30996_366,PANAMO_PAX_P0114,qns30996_plate04,qns30996,5.8,1
qns30996_367,PANAMO_PAX_P0115,qns30996_plate04,qns30996,5.3,1
qns30996_368,PANAMO_PAX_P0116,qns30996_plate04,qns30996,5.7,1
qns30996_369,PANAMO_PAX_P0117,qns30996_plate04,qns30996,5.6,1
qns30996_370,PANAMO_PAX_P0118,qns30996_plate04,qns30996,5.2,1
qns30996_371,PANAMO_PAX_P0121,qns30996_plate04,qns30996,5.7,1
qns30996_372,PANAMO_PAX_P0119,qns30996_plate04,qns30996,5,1
qns30996_373,PANAMO_PAX_P0120,qns30996_plate04,qns30996,6.2,1
qns30996_374,PANAMO_PAX_P0122,qns30996_plate04,qns30996,5.6,1
qns30996_375,PANAMO_PAX_P0123,qns30996_plate04,qns30996,5.3,1
qns30996_376,PANAMO_PAX_P0124,qns30996_plate04,qns30996,5.6,1
qns30996_377,PANAMO_PAX_P0125,qns30996_plate04,qns30996,5.7,1
qns30996_378,PANAMO_PAX_P0126,qns30996_plate04,qns30996,5.4,1
qns30996_379,PANAMO_PAX_P0127,qns30996_plate04,qns30996,5.4,1
qns30996_380,PANAMO_PAX_P0128,qns30996_plate04,qns30996,5.3,1
qns30996_381,PANAMO_PAX_P0129,qns30996_plate05,qns30996,5.3,0
qns30996_382,PANAMO_PAX_P0130,qns30996_plate05,qns30996,7.3,1
qns30996_383,PANAMO_PAX_P0132,qns30996_plate05,qns30996,7.2,1
qns30996_384,PANAMO_PAX_P0131,qns30996_plate05,qns30996,4.9,1
qns30996_385,PANAMO_PAX_P0133,qns30996_plate05,qns30996,5.4,1
qns30996_386,PANAMO_PAX_P0134,qns30996_plate05,qns30996,7.3,1
qns30996_387,PANAMO_PAX_P0135,qns30996_plate05,qns30996,6.4,1
qns30996_388,PANAMO_PAX_P0136,qns30996_plate05,qns30996,7.5,1
qns30996_389,PANAMO_PAX_P0137,qns30996_plate05,qns30996,4.6,1
qns30996_390,PANAMO_PAX_P0138,qns30996_plate05,qns30996,5.6,1
qns30996_391,PANAMO_PAX_P0139,qns30996_plate05,qns30996,6.5,1
qns30996_392,PANAMO_PAX_P0140,qns30996_plate05,qns30996,6.7,1
qns30996_393,PANAMO_PAX_P0141,qns30996_plate05,qns30996,7,1
qns30996_394,PANAMO_PAX_P0161,qns30996_plate05,qns30996,5.9,1
qns30996_395,PANAMO_PAX_P0162,qns30996_plate05,qns30996,6.4,1
qns30996_396,PANAMO_PAX_P0143,qns30996_plate05,qns30996,5.7,1
qns30996_397,PANAMO_PAX_P0144,qns30996_plate05,qns30996,6,1
qns30996_398,PANAMO_PAX_P0145,qns30996_plate05,qns30996,5.6,1
qns30996_399,PANAMO_PAX_P0146,qns30996_plate05,qns30996,6.1,1
qns30996_400,PANAMO_PAX_P0147,qns30996_plate05,qns30996,6.6,1
qns30996_401,PANAMO_PAX_P0148,qns30996_plate05,qns30996,6.8,1
qns30996_402,PANAMO_PAX_P0149,qns30996_plate05,qns30996,6.4,1
qns30996_403,PANAMO_PAX_P0150,qns30996_plate05,qns30996,6.1,1
qns30996_404,PANAMO_PAX_P0151,qns30996_plate05,qns30996,5.8,1
qns30996_405,PANAMO_PAX_P0152,qns30996_plate05,qns30996,6,1
qns30996_406,PANAMO_PAX_P0163,qns30996_plate05,qns30996,5.3,1
qns30996_407,PANAMO_PAX_P0153,qns30996_plate05,qns30996,6.4,1
qns30996_408,PANAMO_PAX_P0160,qns30996_plate05,qns30996,5.4,0
qns30996_409,PANAMO_PAX_P0155,qns30996_plate05,qns30996,5.9,1
qns30996_410,PANAMO_PAX_P0156,qns30996_plate05,qns30996,5.6,0
qns30996_411,PANAMO_PAX_P0157,qns30996_plate05,qns30996,5.8,1
qns30996_412,PANAMO_PAX_P0158,qns30996_plate05,qns30996,6.2,1
qns30996_413,PANAMO_PAX_P0165,qns30996_plate05,qns30996,5.7,1
qns30996_414,PANAMO_PAX_P0166,qns30996_plate05,qns30996,5.3,1
qns30996_415,PANAMO_PAX_P0167,qns30996_plate05,qns30996,5.4,1
qns30996_416,PANAMO_PAX_P0168,qns30996_plate05,qns30996,5.5,1
qns30996_417,PANAMO_PAX_P0169,qns30996_plate05,qns30996,6.2,1
qns30996_418,PANAMO_PAX_P0159,qns30996_plate05,qns30996,5,1
qns30996_419,PANAMO_PAX_P0170,qns30996_plate05,qns30996,6.3,1
qns30996_420,PANAMO_PAX_P0171,qns30996_plate05,qns30996,6.2,1
qns30996_421,PANAMO_PAX_P0172,qns30996_plate05,qns30996,6.5,1
qns30996_422,PANAMO_PAX_P0173,qns30996_plate05,qns30996,6.2,1
qns30996_423,PANAMO_PAX_P0174,qns30996_plate05,qns30996,5.4,1
qns30996_424,PANAMO_PAX_P0175,qns30996_plate05,qns30996,6.3,1
qns30996_425,PANAMO_PAX_P0176,qns30996_plate05,qns30996,6.8,1
qns30996_426,PANAMO_PAX_P0177,qns30996_plate05,qns30996,5.2,1
qns30996_427,PANAMO_PAX_P0178,qns30996_plate05,qns30996,6.4,1
qns30996_428,PANAMO_PAX_P0179,qns30996_plate05,qns30996,6.2,1
qns30996_429,PANAMO_PAX_P0180,qns30996_plate05,qns30996,5.8,1
qns30996_430,PANAMO_PAX_P0181,qns30996_plate05,qns30996,5.2,1
qns30996_431,PANAMO_PAX_P0182,qns30996_plate05,qns30996,6.3,1
qns30996_432,PANAMO_PAX_P0183,qns30996_plate05,qns30996,5.5,1
qns30996_433,PANAMO_PAX_P0184,qns30996_plate05,qns30996,5.5,1
qns30996_434,PANAMO_PAX_P0185,qns30996_plate05,qns30996,5.9,1
qns30996_435,PANAMO_PAX_P0186,qns30996_plate05,qns30996,5.5,1
qns30996_436,PANAMO_PAX_P0187,qns30996_plate05,qns30996,5.3,1
qns30996_437,PANAMO_PAX_P0188,qns30996_plate05,qns30996,6,1
qns30996_438,PANAMO_PAX_P0189,qns30996_plate05,qns30996,5.5,1
qns30996_439,PANAMO_PAX_P0190,qns30996_plate05,qns30996,6.5,1
qns30996_440,PANAMO_PAX_P0191,qns30996_plate05,qns30996,5.9,1
qns30996_441,PANAMO_PAX_P0192,qns30996_plate05,qns30996,5.2,1
qns30996_442,PANAMO_PAX_P0194,qns30996_plate05,qns30996,5,1
qns30996_443,PANAMO_PAX_P0195,qns30996_plate05,qns30996,4.8,1
qns30996_444,PANAMO_PAX_P0196,qns30996_plate05,qns30996,5.1,1
qns30996_445,PANAMO_PAX_P0197,qns30996_plate05,qns30996,5.6,0
qns30996_446,PANAMO_PAX_P0198,qns30996_plate05,qns30996,5.3,1
qns30996_447,PANAMO_PAX_P0199,qns30996_plate05,qns30996,5.8,1
qns30996_448,PANAMO_PAX_P0200,qns30996_plate05,qns30996,6,1
qns30996_449,PANAMO_PAX_P0201,qns30996_plate05,qns30996,5.7,1
qns30996_450,PANAMO_PAX_P0203,qns30996_plate05,qns30996,5.6,1
qns30996_451,PANAMO_PAX_P0204,qns30996_plate05,qns30996,5.3,1
qns30996_452,PANAMO_PAX_P0205,qns30996_plate05,qns30996,5,1
qns30996_453,PANAMO_PAX_P0206,qns30996_plate05,qns30996,5.1,1
qns30996_454,PANAMO_PAX_P0207,qns30996_plate05,qns30996,5.4,1
qns30996_455,PANAMO_PAX_P0235,qns30996_plate05,qns30996,6.3,1
qns30996_456,PANAMO_PAX_P0208,qns30996_plate05,qns30996,5.1,1
qns30996_457,PANAMO_PAX_P0209,qns30996_plate05,qns30996,5.5,1
qns30996_458,PANAMO_PAX_P0210,qns30996_plate05,qns30996,5.3,1
qns30996_459,PANAMO_PAX_P0211,qns30996_plate05,qns30996,5,1
qns30996_460,PANAMO_PAX_P0212,qns30996_plate05,qns30996,5.6,1
qns30996_461,PANAMO_PAX_P0213,qns30996_plate05,qns30996,6.3,1
qns30996_462,PANAMO_PAX_P0214,qns30996_plate05,qns30996,6.4,1
qns30996_463,PANAMO_PAX_P0215,qns30996_plate05,qns30996,5.6,1
qns30996_464,PANAMO_PAX_P0217,qns30996_plate05,qns30996,6,1
qns30996_465,PANAMO_PAX_P0216,qns30996_plate05,qns30996,5.3,1
qns30996_466,panamo_pax_p0218,qns30996_plate05,qns30996,6.6,1
qns30996_467,panamo_pax_p0219,qns30996_plate05,qns30996,5.9,1
qns30996_468,PANAMO_PAX_P0220,qns30996_plate05,qns30996,6,1
qns30996_469,panamo_pax_p0221,qns30996_plate05,qns30996,5.8,1
qns30996_470,panamo_pax_p0222,qns30996_plate05,qns30996,6,1
qns30996_471,panamo_pax_p0223,qns30996_plate05,qns30996,6.1,1
qns30996_472,panamo_pax_p0224,qns30996_plate05,qns30996,6.8,1
qns30996_473,panamo_pax_p0225,qns30996_plate05,qns30996,6.2,1
qns30996_474,panamo_pax_p0226,qns30996_plate05,qns30996,5.7,1
qns30996_475,panamo_pax_p0227,qns30996_plate05,qns30996,3.5,1
qns30996_476,PANAMO_PAX_P0228,qns30996_plate06_pr,qns30996,5.9,1
qns30996_477,panamo_pax_p0229,qns30996_plate06_pr,qns30996,6.7,1
qns30996_478,panamo_pax_p0230,qns30996_plate06_pr,qns30996,6.6,1
qns30996_479,panamo_pax_p0231,qns30996_plate06_pr,qns30996,4.8,1
qns30996_480,panamo_pax_p0232,qns30996_plate06_pr,qns30996,7,1
qns30996_481,PANAMO_PAX_P0233,qns30996_plate06_pr,qns30996,7.4,1
qns30996_482,PANAMO_PAX_P0234,qns30996_plate06_pr,qns30996,6.3,1
qns30996_483,PANAMO_PAX_P0236,qns30996_plate06_pr,qns30996,6.4,1
qns30996_484,PANAMO_PAX_P0237,qns30996_plate06_pr,qns30996,5.9,1
qns30996_485,PANAMO_PAX_P0239,qns30996_plate06_pr,qns30996,6,1
qns30996_486,PANAMO_PAX_P0238,qns30996_plate06_pr,qns30996,6.7,1
qns30996_487,PANAMO_PAX_P0240,qns30996_plate06_pr,qns30996,5.8,1
qns30996_488,PANAMO_PAX_P0241,qns30996_plate06_pr,qns30996,7,1
qns30996_489,PANAMO_PAX_P0242,qns30996_plate06_pr,qns30996,6.2,1
qns30996_490,PANAMO_PAX_P0243,qns30996_plate06_pr,qns30996,5.4,1
qns30996_491,PANAMO_PAX_P0244,qns30996_plate06_pr,qns30996,6.3,1
qns30996_492,PANAMO_PAX_P0245,qns30996_plate06_pr,qns30996,4.9,1
qns30996_493,PANAMO_PAX_P0246,qns30996_plate06_pr,qns30996,6.1,1
qns30996_494,PANAMO_PAX_P0247,qns30996_plate06_pr,qns30996,6.1,1
qns30996_495,PANAMO_PAX_P0248,qns30996_plate06_pr,qns30996,5.8,1
qns30996_496,PANAMO_PAX_P0249,qns30996_plate06_pr,qns30996,6.5,1
qns30996_497,PANAMO_PAX_P0250,qns30996_plate06_pr,qns30996,6,1
qns30996_498,PANAMO_PAX_P0251,qns30996_plate06_pr,qns30996,5.9,1
qns30996_499,PANAMO_PAX_P0252,qns30996_plate06_pr,qns30996,6,1
qns30996_500,PANAMO_PAX_P0253,qns30996_plate06_pr,qns30996,6.3,1
qns30996_501,PANAMO_PAX_P0254,qns30996_plate06_pr,qns30996,4.5,0
qns30996_502,PANAMO_PAX_P0255,qns30996_plate06_pr,qns30996,6.2,1
qns30996_503,PANAMO_PAX_P0256,qns30996_plate06_pr,qns30996,5.9,1
qns30996_504,PANAMO_PAX_P0257,qns30996_plate06_pr,qns30996,6.3,1
qns30996_505,PANAMO_PAX_P0258,qns30996_plate06_pr,qns30996,6,1
qns30996_506,PANAMO_PAX_P0259,qns30996_plate06_pr,qns30996,6.1,1
qns30996_507,PANAMO_PAX_P0260,qns30996_plate06_pr,qns30996,5.9,1
qns30996_508,PANAMO_PAX_P0261,qns30996_plate06_pr,qns30996,6,1
qns30996_509,PANAMO_PAX_P0262,qns30996_plate06_pr,qns30996,5.5,1
qns30996_510,PANAMO_PAX_P0263,qns30996_plate06_pr,qns30996,5.8,1
qns30996_511,PANAMO_PAX_P0265,qns30996_plate06_pr,qns30996,6.6,1
qns30996_512,PANAMO_PAX_P0266,qns30996_plate06_pr,qns30996,NA,0
qns30996_513,PANAMO_PAX_P0267,qns30996_plate06_pr,qns30996,5.5,1
qns30996_514,PANAMO_PAX_P0268,qns30996_plate06_pr,qns30996,5.7,1
qns30996_515,PANAMO_PAX_P0269,qns30996_plate06_pr,qns30996,6.1,1
qns30996_516,PANAMO_PAX_P0270,qns30996_plate06_pr,qns30996,6.6,1
qns30996_517,PANAMO_PAX_P0271,qns30996_plate06_pr,qns30996,6.5,1
qns30996_518,PANAMO_PAX_P0272,qns30996_plate06_pr,qns30996,6.4,1
qns30996_519,PANAMO_PAX_P0273,qns30996_plate06_pr,qns30996,5.8,1
qns30996_520,PANAMO_PAX_P0274,qns30996_plate06_pr,qns30996,5.2,1
qns30996_521,PANAMO_PAX_P0275,qns30996_plate06_pr,qns30996,6.2,1
qns30996_522,PANAMO_PAX_P0276,qns30996_plate06_pr,qns30996,6.3,1
qns30996_523,PANAMO_PAX_P0277,qns30996_plate06_pr,qns30996,6,1
qns30996_524,PANAMO_PAX_P0281,qns30996_plate06_pr,qns30996,5.9,1
qns30996_525,PANAMO_PAX_P0282,qns30996_plate06_pr,qns30996,6.3,1
qns30996_526,PANAMO_PAX_P0284,qns30996_plate06_pr,qns30996,6.2,1
qns30996_527,PANAMO_PAX_P0283,qns30996_plate06_pr,qns30996,5.6,1
qns30996_528,PANAMO_PAX_P0285,qns30996_plate06_pr,qns30996,6,1
qns30996_529,PANAMO_PAX_P0286,qns30996_plate06_pr,qns30996,6.1,1
qns30996_530,PANAMO_PAX_P0278,qns30996_plate06_pr,qns30996,6.4,1
qns30996_531,PANAMO_PAX_P0287,qns30996_plate06_pr,qns30996,6.1,1
qns30996_532,PANAMO_PAX_P0279,qns30996_plate06_pr,qns30996,6.2,1
qns30996_533,PANAMO_PAX_P0288,qns30996_plate06_pr,qns30996,6.5,1
qns30996_534,PANAMO_PAX_P0289,qns30996_plate06_pr,qns30996,6.4,1
qns30996_535,PANAMO_PAX_P0290,qns30996_plate06_pr,qns30996,6,1
qns30996_536,PANAMO_PAX_P0291,qns30996_plate06_pr,qns30996,6.5,1
qns30996_537,PANAMO_PAX_P0292,qns30996_plate06_pr,qns30996,6,1
qns30996_538,PANAMO_PAX_P0293,qns30996_plate06_pr,qns30996,6,1
qns30996_539,PANAMO_PAX_P0294,qns30996_plate06_pr,qns30996,5.4,1
qns30996_540,PANAMO_PAX_P0295,qns30996_plate06_pr,qns30996,6,1
qns30996_541,PANAMO_PAX_P0296,qns30996_plate06_pr,qns30996,5.3,0
qns30996_542,PANAMO_PAX_P0297,qns30996_plate06_pr,qns30996,6.8,1
qns30996_543,PANAMO_PAX_P0299,qns30996_plate06_pr,qns30996,6.3,1
qns30996_544,PANAMO_PAX_P0300,qns30996_plate06_pr,qns30996,6.3,1
qns30996_545,PANAMO_PAX_P0301,qns30996_plate06_pr,qns30996,6.7,1
qns30996_546,PANAMO_PAX_P0303,qns30996_plate06_pr,qns30996,5.6,1
qns30996_547,PANAMO_PAX_P0304,qns30996_plate06_pr,qns30996,6.4,1
qns30996_548,PANAMO_PAX_P0305,qns30996_plate06_pr,qns30996,6.2,1
qns30996_549,PANAMO_PAX_P0306,qns30996_plate06_pr,qns30996,6.4,1
qns30996_550,PANAMO_PAX_P0307,qns30996_plate06_pr,qns30996,5.7,1
qns30996_551,PANAMO_PAX_P0308,qns30996_plate06_pr,qns30996,5,1
qns30996_552,PANAMO_PAX_P0309,qns30996_plate06_pr,qns30996,6,1
qns30996_553,PANAMO_PAX_P0310,qns30996_plate06_pr,qns30996,6.5,1
qns30996_554,PANAMO_PAX_P0311,qns30996_plate06_pr,qns30996,6.3,1
qns30996_555,PANAMO_PAX_P0312,qns30996_plate06_pr,qns30996,6.3,1
qns30996_556,PANAMO_PAX_P0313,qns30996_plate06_pr,qns30996,6.9,1
qns30996_557,PANAMO_PAX_P0302,qns30996_plate06_pr,qns30996,6,1
qns30996_558,PANAMO_PAX_P0101,qns30996_plate06_pr,qns30996,5.3,1
qns30996_559,ELDER-BIOME_2.0 NL57847.018.16 1144_D0 PAXGENE,qns30996_plate06_pr,qns30996,6.9,1
qns30996_560,ELDER-BIOME_3.0 NL57847.018.16 1149_D0 PAXGENE,qns30996_plate06_pr,qns30996,7.1,1
qns30996_561,ELDER-BIOME_3.0 NL57847.018.16 1150_D0 PAXGENE,qns30996_plate06_pr,qns30996,6.3,1
qns30996_562,ELDER-BIOME_3.0 NL57847.018.16 1151_D0 PAXGENE,qns30996_plate06_pr,qns30996,6.2,1
qns30996_563,ELDER-BIOME_3.0 NL57847.018.16 1152_D0 PAXGENE,qns30996_plate06_pr,qns30996,5.9,1
qns30996_564,ELDER-BIOME_3.0 NL57847.018.16 1153_D0 PAXGENE,qns30996_plate06_pr,qns30996,6.6,1
qns30996_565,ELDER-BIOME_3.0 NL57847.018.16 1154_D0 PAXGENE,qns30996_plate06_pr,qns30996,5.9,1
qns30996_566,ELDER-BIOME_2.0 NL57847.018.16 1155_D0 PAXGENE,qns30996_plate06_pr,qns30996,7.5,1
qns30996_567,ELDER-BIOME_3.0 NL57847.018.16 1156_D0 PAXGENE,qns30996_plate06_pr,qns30996,6.7,1
qns30996_568,ELDER-BIOME_3.0 NL57847.018.16 1157_D0 PAXGENE,qns30996_plate06_pr,qns30996,7.2,1
qns30996_569,ELDER-BIOME_3.0 NL57847.018.16 1158_D0 PAXGENE,qns30996_plate06_pr,qns30996,4.8,1
qns30996_570,ELDER-BIOME_3.0 NL57847.018.16 1159_D0 PAXGENE,qns30996_plate06_pr,qns30996,5.4,1
qns30996_571,ELDER-BIOME_3.0 NL57847.018.16 1160_D0 PAXGENE,qns30996_plate07_pr,qns30996,6.1,1
qns30996_572,ELDER-BIOME_3.0 NL57847.018.16 1161_D0 PAXGENE,qns30996_plate07_pr,qns30996,6.8,1
qns30996_573,ELDER-BIOME_3.0 NL57847.018.16 1162_D0 PAXGENE,qns30996_plate07_pr,qns30996,6.1,1
qns30996_574,ELDER-BIOME_3.0 NL57847.018.16 1164_D0 PAXGENE,qns30996_plate07_pr,qns30996,5.5,1
qns30996_575,ELDER-BIOME_3.0 NL57847.018.16 1165_D0 PAXGENE,qns30996_plate07_pr,qns30996,5.9,1
qns30996_576,ELDER-BIOME_3.0 NL57847.018.16 1166_D0 PAXGENE,qns30996_plate07_pr,qns30996,6.7,1
qns30996_577,ELDER-BIOME_3.0 NL57847.018.16 1168_D0 PAXGENE,qns30996_plate07_pr,qns30996,6.6,1
qns30996_578,ELDER-BIOME_3.0 NL57847.018.16 1169_D0 PAXGENE,qns30996_plate07_pr,qns30996,6.6,1
qns30996_579,ELDER-BIOME_3.0 NL57847.018.16 1170_D0 PAXGENE,qns30996_plate07_pr,qns30996,6.5,1
qns30996_580,ELDER-BIOME_3.0 NL57847.018.16 1171_D0 PAXGENE,qns30996_plate07_pr,qns30996,5.7,1
qns30996_581,ELDER-BIOME_3.0 NL57847.018.16 1172_D0 PAXGENE,qns30996_plate07_pr,qns30996,6.7,1
qns30996_582,ELDER-BIOME_3.0 NL57847.018.16 1173_D0 PAXGENE,qns30996_plate07_pr,qns30996,6.2,1
qns30996_583,ELDER-BIOME_3.0 NL57847.018.16 1174_D0 PAXGENE,qns30996_plate07_pr,qns30996,6.4,0
qns30996_584,ELDER-BIOME_3.0 NL57847.018.16 1175_D0 PAXGENE,qns30996_plate07_pr,qns30996,6.7,1
qns30996_585,ELDER-BIOME_3.0 NL57847.018.16 1176_D0 PAXGENE,qns30996_plate07_pr,qns30996,6.1,1
qns30996_586,ELDER-BIOME_3.0 NL57847.018.16 1177_D0 PAXGENE,qns30996_plate07_pr,qns30996,5.8,1
qns30996_587,ELDER-BIOME_3.0 NL57847.018.16 1178_D0 PAXGENE,qns30996_plate07_pr,qns30996,5.6,1
qns30996_588,ELDER-BIOME_3.0 NL57847.018.16 1179_D0 PAXGENE,qns30996_plate07_pr,qns30996,6,1
qns30996_589,ELDER-BIOME_3.0 NL57847.018.16 1180_D0 PAXGENE,qns30996_plate07_pr,qns30996,6.4,1
qns30996_590,ELDER-BIOME_3.0 NL57847.018.16 1181_D0 PAXGENE,qns30996_plate07_pr,qns30996,6.8,1
qns30996_591,ELDER-BIOME_3.0 NL57847.018.16 1182_D0 PAXGENE,qns30996_plate07_pr,qns30996,6.3,1
qns30996_592,ELDER-BIOME_3.0 NL57847.018.16 1183_D0 PAXGENE,qns30996_plate07_pr,qns30996,5.1,1
qns30996_593,ELDER-BIOME_3.0 NL57847.018.16 1185_D0 PAXGENE,qns30996_plate07_pr,qns30996,6.2,1
qns30996_594,ELDER-BIOME_3.0 NL57847.018.16 1186_D0 PAXGENE,qns30996_plate07_pr,qns30996,6.2,1
qns30996_595,ELDER-BIOME_3.0 NL57847.018.16 1188_D0 PAXGENE,qns30996_plate07_pr,qns30996,5.6,1
qns30996_596,ELDER-BIOME_3.0 NL57847.018.16 1189_D0 PAXGENE,qns30996_plate07_pr,qns30996,6.2,1
qns30996_597,ELDER-BIOME_3.0 NL57847.018.16 1190_D0 PAXGENE,qns30996_plate07_pr,qns30996,6.5,1
qns30996_598,ELDER-BIOME_3.0 NL57847.018.16 1191_D0 PAXGENE,qns30996_plate07_pr,qns30996,6.3,1
qns30996_599,ELDER-BIOME_3.0 NL57847.018.16 1192_D0 PAXGENE,qns30996_plate07_pr,qns30996,6.6,1
qns30996_600,ELDER-BIOME_3.0 NL57847.018.16 1193_D0 PAXGENE,qns30996_plate07_pr,qns30996,6.2,1
qns30996_601,ELDER-BIOME_3.0 NL57847.018.16 1194_D0 PAXGENE,qns30996_plate07_pr,qns30996,7.1,1
qns30996_602,ELDER-BIOME_3.0 NL57847.018.16 1195_D0 PAXGENE,qns30996_plate07_pr,qns30996,5.1,1
qns30996_603,ELDER-BIOME_3.0 NL57847.018.16 1196_D0 PAXGENE,qns30996_plate07_pr,qns30996,5.8,1
qns30996_604,ELDER-BIOME_3.0 NL57847.018.16 1197_D0 PAXGENE,qns30996_plate07_pr,qns30996,6.1,1
qns30996_605,ELDER-BIOME_3.0 NL57847.018.16 1198_D0 PAXGENE,qns30996_plate07_pr,qns30996,5.2,1
qns30996_606,ELDER-BIOME_3.0 NL57847.018.16 1199_D0 PAXGENE,qns30996_plate07_pr,qns30996,5.9,1
qns30996_607,ELDER-BIOME_3.0 NL57847.018.16 1201_D0 PAXGENE,qns30996_plate07_pr,qns30996,6.4,1
qns30996_608,ELDER-BIOME_3.0 NL57847.018.16 1203_D0 PAXGENE,qns30996_plate07_pr,qns30996,6.3,1
qns30996_609,ELDER-BIOME_3.0 NL57847.018.16 1204_D0 PAXGENE,qns30996_plate07_pr,qns30996,6.1,1
qns30996_610,ELDER-BIOME_3.0 NL57847.018.16 1205_D0 PAXGENE,qns30996_plate07_pr,qns30996,4.4,1
qns30996_611,ELDER-BIOME_3.0 NL57847.018.16 1206_D0 PAXGENE,qns30996_plate07_pr,qns30996,6.6,1
qns30996_612,ELDER-BIOME_3.0 NL57847.018.16 1207_D0 PAXGENE,qns30996_plate07_pr,qns30996,5.9,1
qns30996_613,ELDER-BIOME_3.0 NL57847.018.16 1208_D0 PAXGENE,qns30996_plate07_pr,qns30996,6.2,1
qns30996_614,ELDER-BIOME_3.0 NL57847.018.16 1209_D0 PAXGENE,qns30996_plate07_pr,qns30996,6.9,1
qns30996_615,ELDER-BIOME_3.0 NL57847.018.16 1210_D0 PAXGENE,qns30996_plate07_pr,qns30996,5.9,1
qns30996_616,ELDER-BIOME_3.0 NL57847.018.16 1211_D0 PAXGENE,qns30996_plate07_pr,qns30996,6.8,1
qns30996_617,ELDER-BIOME_3.0 NL57847.018.16 1212_D0 PAXGENE,qns30996_plate07_pr,qns30996,5.7,1
qns30996_618,ELDER-BIOME_3.0 NL57847.018.16 1213_D0 PAXGENE,qns30996_plate07_pr,qns30996,6.2,1
qns30996_619,ELDER-BIOME_3.0 NL57847.018.16 1214_D0 PAXGENE,qns30996_plate07_pr,qns30996,5.2,1
qns30996_620,ELDER-BIOME_3.0 NL57847.018.16 1215_D0 PAXGENE,qns30996_plate07_pr,qns30996,6.9,1
qns30996_621,ELDER-BIOME_3.0 NL57847.018.16 1216_D0 PAXGENE,qns30996_plate07_pr,qns30996,6.4,1
qns30996_622,ELDER-BIOME_3.0 NL57847.018.16 1218_D0 PAXGENE,qns30996_plate07_pr,qns30996,5.3,1
qns30996_623,ELDER-BIOME_3.0 NL57847.018.16 1219_D0 PAXGENE,qns30996_plate07_pr,qns30996,5.7,1
qns30996_624,ELDER-BIOME_3.0 NL57847.018.16 1223_D0 PAXGENE,qns30996_plate07_pr,qns30996,5.7,1
qns30996_625,ELDER-BIOME_3.0 NL57847.018.16 1224_D0 PAXGENE,qns30996_plate07_pr,qns30996,6.1,1
qns30996_626,ELDER-BIOME_3.0 NL57847.018.16 1225_D0 PAXGENE,qns30996_plate07_pr,qns30996,6.4,1
qns30996_627,ELDER-BIOME_3.0 NL57847.018.16 1227_D0 PAXGENE,qns30996_plate07_pr,qns30996,6.7,1
qns30996_628,ELDER-BIOME_3.0 NL57847.018.16 1228_D0 PAXGENE,qns30996_plate07_pr,qns30996,5.5,1
qns30996_629,ELDER-BIOME_3.0 NL57847.018.16 1229_D0 PAXGENE,qns30996_plate07_pr,qns30996,6.3,1
qns30996_630,ELDER-BIOME_3.0 NL57847.018.16 1230_D0 PAXGENE,qns30996_plate07_pr,qns30996,4.5,1
qns30996_631,ELDER-BIOME_3.0 NL57847.018.16 3068_D0 PAXGENE,qns30996_plate07_pr,qns30996,6.3,1
qns30996_632,ELDER-BIOME_2.0 NL57847.018.16 3075_D0 PAXGENE,qns30996_plate07_pr,qns30996,6.1,1
qns30996_633,ELDER-BIOME_2.0 NL57847.018.16 3076_D0 PAXGENE,qns30996_plate07_pr,qns30996,5.7,1
qns30996_634,ELDER-BIOME_3.0 NL57847.018.16 3077_D0 PAXGENE,qns30996_plate07_pr,qns30996,5.6,1
qns30996_635,ELDER-BIOME_3.0 NL57847.018.16 3078_D0 PAXGENE,qns30996_plate07_pr,qns30996,5.8,1
qns30996_636,ELDER-BIOME_3.0 NL57847.018.16 3079_D0 PAXGENE,qns30996_plate07_pr,qns30996,6.1,1
qns30996_637,ELDER-BIOME_3.0 NL57847.018.16 3080_D0 PAXGENE,qns30996_plate07_pr,qns30996,6.7,1
qns30996_638,ELDER-BIOME_3.0 NL57847.018.16 3081_D0 PAXGENE,qns30996_plate07_pr,qns30996,6.7,1
qns30996_639,ELDER-BIOME_3.0 NL57847.018.16 3082_D0 PAXGENE,qns30996_plate07_pr,qns30996,6.2,1
qns30996_640,ELDER-BIOME_3.0 NL57847.018.16 3083_D0 PAXGENE,qns30996_plate07_pr,qns30996,6.3,1
qns30996_641,ELDER-BIOME_3.0 NL57847.018.16 3084_D0 PAXGENE,qns30996_plate07_pr,qns30996,6.4,1
qns30996_642,ELDER-BIOME_3.0 NL57847.018.16 3085_D0 PAXGENE,qns30996_plate07_pr,qns30996,6.3,1
qns30996_643,ELDER-BIOME_3.0 NL57847.018.16 3086_D0 PAXGENE,qns30996_plate07_pr,qns30996,6.8,1
qns30996_644,ELDER-BIOME_3.0 NL57847.018.16 3087_D0 PAXGENE,qns30996_plate07_pr,qns30996,7.1,1
qns30996_645,ELDER-BIOME_3.0 NL57847.018.16 3088_D0 PAXGENE,qns30996_plate07_pr,qns30996,6.3,1
qns30996_646,ELDER-BIOME_3.0 NL57847.018.16 3089_D0 PAXGENE,qns30996_plate07_pr,qns30996,6.9,1
qns30996_647,ELDER-BIOME_3.0 NL57847.018.16 3090_D0 PAXGENE,qns30996_plate07_pr,qns30996,6.4,1
qns30996_648,ELDER-BIOME_3.0 NL57847.018.16 3091_D0 PAXGENE,qns30996_plate07_pr,qns30996,6.7,1
qns30996_649,ELDER-BIOME_3.0 NL57847.018.16 3092_D0 PAXGENE,qns30996_plate07_pr,qns30996,6,1
qns30996_650,ELDER-BIOME_2.0 NL57847.018.16 3093_D0 PAXGENE,qns30996_plate07_pr,qns30996,6.8,1
qns30996_651,ELDER-BIOME_2.0 NL57847.018.16 3094_D0 PAXGENE,qns30996_plate07_pr,qns30996,7,0
qns30996_652,ELDER-BIOME_3.0 NL57847.018.16 3095_D0 PAXGENE,qns30996_plate07_pr,qns30996,7.3,1
qns30996_653,ELDER-BIOME_3.0 NL57847.018.16 3096_D0 PAXGENE,qns30996_plate07_pr,qns30996,6.6,1
qns30996_654,ELDER-BIOME_3.0 NL57847.018.16 3098_D0 PAXGENE,qns30996_plate07_pr,qns30996,6.4,1
qns30996_655,ELDER-BIOME_3.0 NL57847.018.16 3099_D0 PAXGENE,qns30996_plate07_pr,qns30996,6.8,1
qns30996_656,ELDER-BIOME_3.0 NL57847.018.16 3100_D0 PAXGENE,qns30996_plate07_pr,qns30996,6.8,1
qns30996_657,ELDER-BIOME_3.0 NL57847.018.16 3101_D0 PAXGENE,qns30996_plate07_pr,qns30996,6.3,1
qns30996_658,ELDER-BIOME_3.0 NL57847.018.16 3102_D0 PAXGENE,qns30996_plate07_pr,qns30996,6.2,1
qns30996_659,ELDER-BIOME_3.0 NL57847.018.16 3103_D0 PAXGENE,qns30996_plate07_pr,qns30996,6.1,1
qns30996_660,ELDER-BIOME_3.0 NL57847.018.16 3104_D0 PAXGENE,qns30996_plate07_pr,qns30996,6.9,1
qns30996_661,ELDER-BIOME_3.0 NL57847.018.16 3105_D0 PAXGENE,qns30996_plate07_pr,qns30996,6.1,1
qns30996_662,ELDER-BIOME_3.0 NL57847.018.16 3106_D0 PAXGENE,qns30996_plate07_pr,qns30996,6.7,1
qns30996_663,ELDER-BIOME_3.0 NL57847.018.16 3107_D0 PAXGENE,qns30996_plate07_pr,qns30996,6.5,1
qns30996_664,ELDER-BIOME_3.0 NL57847.018.16 3108_D0 PAXGENE,qns30996_plate07_pr,qns30996,5.6,1
qns30996_665,ELDER-BIOME_3.0 NL57847.018.16 3109_D0 PAXGENE,qns30996_plate07_pr,qns30996,6.7,1
qns30996_666,ELDER-BIOME_3.0 NL57847.018.16 3110_D0 PAXGENE,qns30996_plate08_pr,qns30996,4.2,1
qns30996_667,ELDER-BIOME_3.0 NL57847.018.16 3111_D0 PAXGENE,qns30996_plate08_pr,qns30996,6.2,1
qns30996_668,ELDER-BIOME_3.0 NL57847.018.16 3113_D0 PAXGENE,qns30996_plate08_pr,qns30996,6.5,1
qns30996_669,ELDER-BIOME_3.0 NL57847.018.16 3114_D0 PAXGENE,qns30996_plate08_pr,qns30996,6.8,1
qns30996_670,ELDER-BIOME_3.0 NL57847.018.16 3115_D0 PAXGENE,qns30996_plate08_pr,qns30996,6.7,1
qns30996_671,ELDER-BIOME_3.0 NL57847.018.16 3116_D0 PAXGENE,qns30996_plate08_pr,qns30996,6.3,1
qns30996_672,ELDER-BIOME_3.0 NL57847.018.16 3117_D0 PAXGENE,qns30996_plate08_pr,qns30996,5.2,0
qns30996_673,ELDER-BIOME_3.0 NL57847.018.16 3118_D0 PAXGENE,qns30996_plate08_pr,qns30996,6.2,0
qns30996_674,ELDER-BIOME_3.0 NL57847.018.16 3119_D0 PAXGENE,qns30996_plate08_pr,qns30996,6.9,1
qns30996_675,ELDER-BIOME_3.0 NL57847.018.16 3120_D0 PAXGENE,qns30996_plate08_pr,qns30996,6.4,1
qns30996_676,ELDER-BIOME_3.0 NL57847.018.16 3121_D0 PAXGENE,qns30996_plate08_pr,qns30996,6.2,1
qns30996_677,ELDER-BIOME_3.0 NL57847.018.16 3122_D0 PAXGENE,qns30996_plate08_pr,qns30996,6.5,1
qns30996_678,ELDER-BIOME_3.0 NL57847.018.16 3125_D0 PAXGENE,qns30996_plate08_pr,qns30996,5.9,1
qns30996_679,ELDER-BIOME_3.0 NL57847.018.16 3126_D0 PAXGENE,qns30996_plate08_pr,qns30996,5.3,1
qns30996_680,ELDER-BIOME_3.0 NL57847.018.16 3127_D0 PAXGENE,qns30996_plate08_pr,qns30996,5.5,1
qns30996_681,ELDER-BIOME_3.0 NL57847.018.16 3128_D0 PAXGENE,qns30996_plate08_pr,qns30996,5.8,1
qns30996_682,ELDER-BIOME_3.0 NL57847.018.16 3129_D0 PAXGENE,qns30996_plate08_pr,qns30996,6.3,1
qns30996_683,ELDER-BIOME_3.0 NL57847.018.16 3130_D0 PAXGENE,qns30996_plate08_pr,qns30996,6.1,1
qns30996_684,ELDER-BIOME_3.0 NL57847.018.16 3131_D0 PAXGENE,qns30996_plate08_pr,qns30996,6.1,1
qns30996_685,ELDER-BIOME_3.0 NL57847.018.16 3132_D0 PAXGENE,qns30996_plate08_pr,qns30996,5.9,1
qns30996_686,ELDER-BIOME_3.0 NL57847.018.16 3133_D0 PAXGENE,qns30996_plate08_pr,qns30996,6.6,1
qns30996_687,ELDER-BIOME_3.0 NL57847.018.16 3134_D0 PAXGENE,qns30996_plate08_pr,qns30996,5.5,1
qns30996_688,ELDER-BIOME_3.0 NL57847.018.16 3135_D0 PAXGENE,qns30996_plate08_pr,qns30996,4.6,1
qns30996_689,ELDER-BIOME_3.0 NL57847.018.16 3136_D0 PAXGENE,qns30996_plate08_pr,qns30996,5.9,1
qns30996_690,ELDER-BIOME_3.0 NL57847.018.16 3138_D0 PAXGENE,qns30996_plate08_pr,qns30996,6,1
qns30996_691,ELDER-BIOME_3.0 NL57847.018.16 3139_D0 PAXGENE,qns30996_plate08_pr,qns30996,6.2,1
qns30996_692,ELDER-BIOME_3.0 NL57847.018.16 3141_D0 PAXGENE,qns30996_plate08_pr,qns30996,6.2,1
qns30996_693,ELDER-BIOME_3.0 NL57847.018.16 3142_D0 PAXGENE,qns30996_plate08_pr,qns30996,5.2,1
qns30996_694,ELDER-BIOME_3.0 NL57847.018.16 3143_D0 PAXGENE,qns30996_plate08_pr,qns30996,5.8,1
qns30996_695,ELDER-BIOME_3.0 NL57847.018.16 3144_D0 PAXGENE,qns30996_plate08_pr,qns30996,6.1,1
qns30996_696,ELDER-BIOME_3.0 NL57847.018.16 3146_D0 PAXGENE,qns30996_plate08_pr,qns30996,5.7,1
qns30996_697,ELDER-BIOME_3.0 NL57847.018.16 3147_D0 PAXGENE,qns30996_plate08_pr,qns30996,5.8,1
qns30996_698,ELDER-BIOME_3.0 NL57847.018.16 3148_D0 PAXGENE,qns30996_plate08_pr,qns30996,6.1,1
qns30996_699,ELDER-BIOME_3.0 NL57847.018.16 3150_D0 PAXGENE,qns30996_plate08_pr,qns30996,5.7,1
qns30996_700,ELDER-BIOME_3.0 NL57847.018.16 3151_D0 PAXGENE,qns30996_plate08_pr,qns30996,6.2,1
qns30996_701,ELDER-BIOME_3.0 NL57847.018.16 3152_D0 PAXGENE,qns30996_plate08_pr,qns30996,5.3,1
qns30996_702,ELDER-BIOME_3.0 NL57847.018.16 3153_D0 PAXGENE,qns30996_plate08_pr,qns30996,5.7,1
qns30996_703,ELDER-BIOME_3.0 NL57847.018.16 3154_D0 PAXGENE,qns30996_plate08_pr,qns30996,6.4,1
qns30996_704,ELDER-BIOME_3.0 NL57847.018.16 3155_D0 PAXGENE,qns30996_plate08_pr,qns30996,6.1,1
qns30996_705,ELDER-BIOME_3.0 NL57847.018.16 3156_D0 PAXGENE,qns30996_plate08_pr,qns30996,5.1,1
qns30996_706,ELDER-BIOME_3.0 NL57847.018.16 3157_D0 PAXGENE,qns30996_plate08_pr,qns30996,6.5,1
qns30996_707,ELDER-BIOME_3.0 NL57847.018.16 3158_D0 PAXGENE,qns30996_plate08_pr,qns30996,5.9,1
qns30996_708,ELDER-BIOME_3.0 NL57847.018.16 3159_D0 PAXGENE,qns30996_plate08_pr,qns30996,5.1,1
qns30996_709,ELDER-BIOME_3.0 NL57847.018.16 3160_D0 PAXGENE,qns30996_plate08_pr,qns30996,6.1,1
qns30996_710,ELDER-BIOME_3.0 NL57847.018.16 3161_D0 PAXGENE,qns30996_plate08_pr,qns30996,5.3,1
qns30996_711,ELDER-BIOME_3.0 NL57847.018.16 3162_D0 PAXGENE,qns30996_plate08_pr,qns30996,5.2,1
qns30996_712,ELDER-BIOME_3.0 NL57847.018.16 3163_D0 PAXGENE,qns30996_plate08_pr,qns30996,6,1
qns30996_713,ELDER-BIOME_3.0 NL57847.018.16 3164_D0 PAXGENE,qns30996_plate08_pr,qns30996,5.7,1
qns30996_714,ELDER-BIOME_3.0 NL57847.018.16 3165_D0 PAXGENE,qns30996_plate08_pr,qns30996,6.3,1
qns30996_715,ELDER-BIOME_3.0 NL57847.018.16 3166_D0 PAXGENE,qns30996_plate08_pr,qns30996,6.1,1
qns30996_716,ELDER-BIOME_3.0 NL57847.018.16 3167_D0 PAXGENE,qns30996_plate08_pr,qns30996,5.9,1
qns30996_717,ELDER-BIOME_3.0 NL57847.018.16 3168_D0 PAXGENE,qns30996_plate08_pr,qns30996,6,1
qns30996_718,ELDER-BIOME_3.0 NL57847.018.16 3169_D0 PAXGENE,qns30996_plate08_pr,qns30996,5.4,1
qns30996_719,ELDER-BIOME_3.0 NL57847.018.16 3170_D0 PAXGENE,qns30996_plate08_pr,qns30996,5.6,1
qns30996_720,ELDER-BIOME_3.0 NL57847.018.16 3171_D0 PAXGENE,qns30996_plate08_pr,qns30996,6,1
qns30996_721,ELDER-BIOME_3.0 NL57847.018.16 3172_D0 PAXGENE,qns30996_plate08_pr,qns30996,6.7,1
qns30996_722,ELDER-BIOME_3.0 NL57847.018.16 3173_D0 PAXGENE,qns30996_plate08_pr,qns30996,6.3,1
qns30996_723,ELDER-BIOME_3.0 NL57847.018.16 3174_D0 PAXGENE,qns30996_plate08_pr,qns30996,5.4,1
qns30996_724,ELDER-BIOME_3.0 NL57847.018.16 3175_D0 PAXGENE,qns30996_plate08_pr,qns30996,6.6,1
qns30996_725,ELDER-BIOME_3.0 NL57847.018.16 3177_D0 PAXGENE,qns30996_plate08_pr,qns30996,6,1
qns30996_726,ELDER-BIOME_3.0 NL57847.018.16 3178_D0 PAXGENE,qns30996_plate08_pr,qns30996,5.3,1
qns30996_727,ELDER-BIOME_3.0 NL57847.018.16 3179_D0 PAXGENE,qns30996_plate08_pr,qns30996,4.8,1
qns30996_728,ELDER-BIOME_3.0 NL57847.018.16 3180_D0 PAXGENE,qns30996_plate08_pr,qns30996,4.4,1
qns30996_729,ELDER-BIOME_3.0 NL57847.018.16 3181_D0 PAXGENE,qns30996_plate08_pr,qns30996,6.4,1
qns30996_730,ELDER-BIOME_3.0 NL57847.018.16 3182_D0 PAXGENE,qns30996_plate08_pr,qns30996,6.6,1
qns30996_731,ELDER-BIOME_3.0 NL57847.018.16 3183_D0 PAXGENE,qns30996_plate08_pr,qns30996,6.2,1
qns30996_732,ELDER-BIOME_3.0 NL57847.018.16 3184_D0 PAXGENE,qns30996_plate08_pr,qns30996,6.2,1
qns30996_733,ELDER-BIOME_3.0 NL57847.018.16 3185_D0 PAXGENE,qns30996_plate08_pr,qns30996,6.6,1
qns30996_734,ELDER-BIOME_3.0 NL57847.018.16 3186_D0 PAXGENE,qns30996_plate08_pr,qns30996,5.5,1
qns30996_735,ELDER-BIOME_3.0 NL57847.018.16 3187_D0 PAXGENE,qns30996_plate08_pr,qns30996,4.3,0
qns30996_736,ELDER-BIOME_3.0 NL57847.018.16 3189_D0 PAXGENE,qns30996_plate08_pr,qns30996,6,1
qns30996_737,ELDER-BIOME_3.0 NL57847.018.16 3190_D0 PAXGENE,qns30996_plate08_pr,qns30996,6.6,1
qns30996_738,ELDER-BIOME_3.0 NL57847.018.16 3192_D0 PAXGENE,qns30996_plate08_pr,qns30996,6.7,1
qns30996_739,ELDER-BIOME_3.0 NL57847.018.16 3193_D0 PAXGENE,qns30996_plate08_pr,qns30996,6.8,1
qns30996_740,ELDER-BIOME_3.0 NL57847.018.16 3194_D0 PAXGENE,qns30996_plate08_pr,qns30996,6.5,1
qns30996_741,ELDER-BIOME_3.0 NL57847.018.16 3195_D0 PAXGENE,qns30996_plate08_pr,qns30996,6.4,1
qns30996_742,ELDER-BIOME_3.0 NL57847.018.16 3196_D0 PAXGENE,qns30996_plate08_pr,qns30996,6,1
qns30996_743,ELDER-BIOME_3.0 NL57847.018.16 3197_D0 PAXGENE,qns30996_plate08_pr,qns30996,6.8,1
qns30996_744,ELDER-BIOME_3.0 NL57847.018.16 3198_D0 PAXGENE,qns30996_plate08_pr,qns30996,6.5,1
qns30996_745,ELDER-BIOME_3.0 NL57847.018.16 3199_D0 PAXGENE,qns30996_plate08_pr,qns30996,6.2,1
qns30996_746,ELDER-BIOME_3.0 NL57847.018.16 3200_D0 PAXGENE,qns30996_plate08_pr,qns30996,6.6,1
qns30996_747,ELDER-BIOME_3.0 NL57847.018.16 3201_D0 PAXGENE,qns30996_plate08_pr,qns30996,5.8,1
qns30996_748,ELDER-BIOME_3.0 NL57847.018.16 3202_D0 PAXGENE,qns30996_plate08_pr,qns30996,6.5,1
qns30996_749,ELDER-BIOME_3.0 NL57847.018.16 3203_D0 PAXGENE,qns30996_plate08_pr,qns30996,6.6,1
qns30996_750,ELDER-BIOME_3.0 NL57847.018.16 3204_D0 PAXGENE,qns30996_plate08_pr,qns30996,5.9,1
qns30996_751,ELDER-BIOME_3.0 NL57847.018.16 3205_D0 PAXGENE,qns30996_plate08_pr,qns30996,6.5,1
qns30996_752,ELDER-BIOME_3.0 NL57847.018.16 3207_D0 PAXGENE,qns30996_plate08_pr,qns30996,6,1
qns30996_753,ELDER-BIOME_3.0 NL57847.018.16 3208_D0 PAXGENE,qns30996_plate08_pr,qns30996,6.5,1
qns30996_754,ELDER-BIOME_3.0 NL57847.018.16 3209_D0 PAXGENE,qns30996_plate08_pr,qns30996,7,1
qns30996_755,ELDER-BIOME_3.0 NL57847.018.16 3210_D0 PAXGENE,qns30996_plate08_pr,qns30996,6.6,1
qns30996_756,ELDER-BIOME_3.0 NL57847.018.16 3211_D0 PAXGENE,qns30996_plate08_pr,qns30996,6.8,1
qns30996_757,ELDER-BIOME_3.0 NL57847.018.16 3212_D0 PAXGENE,qns30996_plate08_pr,qns30996,6.5,1
qns30996_758,ELDER-BIOME_3.0 NL57847.018.16 3213_D0 PAXGENE,qns30996_plate08_pr,qns30996,4.9,1
qns30996_759,ELDER-BIOME_3.0 NL57847.018.16 3214_D0 PAXGENE,qns30996_plate08_pr,qns30996,6.9,1
qns30996_760,ELDER-BIOME_3.0 NL57847.018.16 3215_D0 PAXGENE,qns30996_plate08_pr,qns30996,6.7,1
qns30996_761,ELDER-BIOME_3.0 NL57847.018.16 3216_D0 PAXGENE,qns30996_plate09_pr,qns30996,6.5,1
qns30996_762,ELDER-BIOME_3.0 NL57847.018.16 3217_D0 PAXGENE,qns30996_plate09_pr,qns30996,6.9,1
qns30996_763,ELDER-BIOME_3.0 NL57847.018.16 3218_D0 PAXGENE,qns30996_plate09_pr,qns30996,7.1,1
qns30996_764,ELDER-BIOME_3.0 NL57847.018.16 3219_D0 PAXGENE,qns30996_plate09_pr,qns30996,7.2,1
qns30996_765,ELDER-BIOME_3.0 NL57847.018.16 3220_D0 PAXGENE,qns30996_plate09_pr,qns30996,6.8,1
qns30996_766,ELDER-BIOME_3.0 NL57847.018.16 3221_D0 PAXGENE,qns30996_plate09_pr,qns30996,6.6,1
qns30996_767,ELDER-BIOME_3.0 NL57847.018.16 3222_D0 PAXGENE,qns30996_plate09_pr,qns30996,7,1
qns30996_768,ELDER-BIOME_3.0 NL57847.018.16 3224_D0 PAXGENE,qns30996_plate09_pr,qns30996,6.6,1
qns30996_769,ELDER-BIOME_3.0 NL57847.018.16 3225_D0 PAXGENE,qns30996_plate09_pr,qns30996,8,1
qns30996_770,ELDER-BIOME_3.0 NL57847.018.16 3226_D0 PAXGENE,qns30996_plate09_pr,qns30996,6.8,1
qns30996_771,ELDER-BIOME_3.0 NL57847.018.16 3227_D0 PAXGENE,qns30996_plate09_pr,qns30996,6.4,1
qns30996_772,ELDER-BIOME_3.0 NL57847.018.16 3228_D0 PAXGENE,qns30996_plate09_pr,qns30996,6.5,1
qns30996_773,ELDER-BIOME_3.0 NL57847.018.16 3229_D0 PAXGENE,qns30996_plate09_pr,qns30996,6.1,1
qns30996_774,ELDER-BIOME_3.0 NL57847.018.16 3230_D0 PAXGENE,qns30996_plate09_pr,qns30996,6.5,1
qns30996_775,ELDER-BIOME_3.0 NL57847.018.16 3231_D0 PAXGENE,qns30996_plate09_pr,qns30996,6.4,1
qns30996_776,ELDER-BIOME_3.0 NL57847.018.16 3232_D0 PAXGENE,qns30996_plate09_pr,qns30996,6.7,1
qns30996_777,ELDER-BIOME_3.0 NL57847.018.16 3233_D0 PAXGENE,qns30996_plate09_pr,qns30996,7.1,1
qns30996_778,ELDER-BIOME_3.0 NL57847.018.16 3234_D0 PAXGENE,qns30996_plate09_pr,qns30996,6.9,1
qns30996_779,ELDER-BIOME_3.0 NL57847.018.16 3235_D0 PAXGENE,qns30996_plate09_pr,qns30996,7.1,1
qns30996_780,ELDER-BIOME_3.0 NL57847.018.16 3236_D0 PAXGENE,qns30996_plate09_pr,qns30996,6.5,1
qns30996_781,ELDER-BIOME_3.0 NL57847.018.16 3237_D0 PAXGENE,qns30996_plate09_pr,qns30996,6.6,1
qns30996_782,ELDER-BIOME_3.0 NL57847.018.16 3238_D0 PAXGENE,qns30996_plate09_pr,qns30996,7.2,1
qns30996_783,ELDER-BIOME_3.0 NL57847.018.16 3239_D0 PAXGENE,qns30996_plate09_pr,qns30996,6.2,1
qns30996_784,ELDER-BIOME_3.0 NL57847.018.16 3240_D0 PAXGENE,qns30996_plate09_pr,qns30996,7,1
qns30996_785,ELDER-BIOME_3.0 NL57847.018.16 3241_D0 PAXGENE,qns30996_plate09_pr,qns30996,7.1,1
qns30996_786,ELDER-BIOME_3.0 NL57847.018.16 3242_D0 PAXGENE,qns30996_plate09_pr,qns30996,6.5,1
qns30996_787,ELDER-BIOME_3.0 NL57847.018.16 3243_D0 PAXGENE,qns30996_plate09_pr,qns30996,6.4,1
qns30996_788,ELDER-BIOME_3.0 NL57847.018.16 3244_D0 PAXGENE,qns30996_plate09_pr,qns30996,6.8,1
qns30996_789,ELDER-BIOME_3.0 NL57847.018.16 3245_D0 PAXGENE,qns30996_plate09_pr,qns30996,6.5,1
qns30996_790,ELDER-BIOME_3.0 NL57847.018.16 3246_D0 PAXGENE,qns30996_plate09_pr,qns30996,6.1,1
qns30996_791,ELDER-BIOME_3.0 NL57847.018.16 3247_D0 PAXGENE,qns30996_plate09_pr,qns30996,6.2,1
qns30996_792,ELDER-BIOME_3.0 NL57847.018.16 3248_D0 PAXGENE,qns30996_plate09_pr,qns30996,6.6,1
qns30996_793,ELDER-BIOME_3.0 NL57847.018.16 3250_D0 PAXGENE,qns30996_plate09_pr,qns30996,6.7,1
qns30996_794,ELDER-BIOME_3.0 NL57847.018.16 3251_D0 PAXGENE,qns30996_plate09_pr,qns30996,6.2,1
qns30996_795,ELDER-BIOME_3.0 NL57847.018.16 3252_D0 PAXGENE,qns30996_plate09_pr,qns30996,6.7,1
qns30996_796,ELDER-BIOME_3.0 NL57847.018.16 3253_D0 PAXGENE,qns30996_plate09_pr,qns30996,6.7,1
qns30996_797,ELDER-BIOME_3.0 NL57847.018.16 3254_D0 PAXGENE,qns30996_plate09_pr,qns30996,6.8,1
qns30996_798,ELDER-BIOME_3.0 NL57847.018.16 3256_D0 PAXGENE,qns30996_plate09_pr,qns30996,6.9,1
qns30996_799,ELDER-BIOME_3.0 NL57847.018.16 3257_D0 PAXGENE,qns30996_plate09_pr,qns30996,6.6,1
qns30996_800,ELDER-BIOME_3.0 NL57847.018.16 3258_D0 PAXGENE,qns30996_plate09_pr,qns30996,6.4,1
qns30996_801,ELDER-BIOME_3.0 NL57847.018.16 3259_D0 PAXGENE,qns30996_plate09_pr,qns30996,5.7,1
qns30996_802,ELDER-BIOME_3.0 NL57847.018.16 3262_D0 PAXGENE,qns30996_plate09_pr,qns30996,6.7,1
qns30996_803,ELDER-BIOME_3.0 NL57847.018.16 3263_D0 PAXGENE,qns30996_plate09_pr,qns30996,6.7,1
qns30996_804,ELDER-BIOME_3.0 NL57847.018.16 3264_D0 PAXGENE,qns30996_plate09_pr,qns30996,7.1,1
qns30996_805,ELDER-BIOME_3.0 NL57847.018.16 3265_D0 PAXGENE,qns30996_plate09_pr,qns30996,6.8,1
qns30996_806,ELDER-BIOME_3.0 NL57847.018.16 3266_D0 PAXGENE,qns30996_plate09_pr,qns30996,6.7,1
qns30996_807,ELDER-BIOME_3.0 NL57847.018.16 3267_D0 PAXGENE,qns30996_plate09_pr,qns30996,7.2,1
qns30996_808,ELDER-BIOME_3.0 NL57847.018.16 3268_D0 PAXGENE,qns30996_plate09_pr,qns30996,6.6,1
qns30996_809,ELDER-BIOME_3.0 NL57847.018.16 3269_D0 PAXGENE,qns30996_plate09_pr,qns30996,6.9,1
qns30996_810,ELDER-BIOME_3.0 NL57847.018.16 3270_D0 PAXGENE,qns30996_plate09_pr,qns30996,6.3,1
qns30996_811,ELDER-BIOME_3.0 NL57847.018.16 3272_D0 PAXGENE,qns30996_plate09_pr,qns30996,6.6,1
qns30996_812,ELDER-BIOME_3.0 NL57847.018.16 3276_D0 PAXGENE,qns30996_plate09_pr,qns30996,6.5,1
qns30996_813,ELDER-BIOME_3.0 NL57847.018.16 3277_D0 PAXGENE,qns30996_plate09_pr,qns30996,6.9,1
qns30996_814,ELDER-BIOME_3.0 NL57847.018.16 3279_D0 PAXGENE,qns30996_plate09_pr,qns30996,6.9,1
qns30996_815,ELDER-BIOME_3.0 NL57847.018.16 3280_D0 PAXGENE,qns30996_plate09_pr,qns30996,6.6,1
qns30996_816,ELDER-BIOME_3.0 NL57847.018.16 3281_D0 PAXGENE,qns30996_plate09_pr,qns30996,7.1,1
qns30996_817,ELDER-BIOME_3.0 NL57847.018.16 3282_D0 PAXGENE,qns30996_plate09_pr,qns30996,7.1,1
qns30996_818,ELDER-BIOME_3.0 NL57847.018.16 3283_D0 PAXGENE,qns30996_plate09_pr,qns30996,6.9,1
qns30996_819,ELDER-BIOME_3.0 NL57847.018.16 3284_D0 PAXGENE,qns30996_plate09_pr,qns30996,6.2,1
qns30996_820,ELDER-BIOME_3.0 NL57847.018.16 3285_D0 PAXGENE,qns30996_plate09_pr,qns30996,6.2,1
qns30996_821,ELDER-BIOME_3.0 NL57847.018.16 3286_D0 PAXGENE,qns30996_plate09_pr,qns30996,6.5,0
qns30996_822,ELDER-BIOME_3.0 NL57847.018.16 3289_D0 PAXGENE,qns30996_plate09_pr,qns30996,6.2,0
qns30996_823,ELDER-BIOME_3.0 NL57847.018.16 3290_D0 PAXGENE,qns30996_plate09_pr,qns30996,6.1,1
qns30996_824,ELDER-BIOME_3.0 NL57847.018.16 3291_D0 PAXGENE,qns30996_plate09_pr,qns30996,7.1,1
qns30996_825,ELDER-BIOME_3.0 NL57847.018.16 3296_D0 PAXGENE,qns30996_plate09_pr,qns30996,5.5,0
qns30996_826,ELDER-BIOME_3.0 NL57847.018.16 3297_D0 PAXGENE,qns30996_plate09_pr,qns30996,6.4,1
qns30996_827,ELDER-BIOME_3.0 NL57847.018.16 3299_D0 PAXGENE,qns30996_plate09_pr,qns30996,6.8,1
qns30996_828,ELDER-BIOME_3.0 NL57847.018.16 3302_D0 PAXGENE,qns30996_plate09_pr,qns30996,6.6,1
qns30996_829,ELDER-BIOME_3.0 NL57847.018.16 3303_D0 PAXGENE,qns30996_plate09_pr,qns30996,6.3,1
qns30996_830,ELDER-BIOME_3.0 NL57847.018.16 7007_D0 PAXGENE,qns30996_plate09_pr,qns30996,6.7,1
qns30996_831,ELDER-BIOME_3.0 NL57847.018.16 7008_D0 PAXGENE,qns30996_plate09_pr,qns30996,5.1,1
qns30996_832,ELDER-BIOME_3.0 NL57847.018.16 7010_D0 PAXGENE,qns30996_plate09_pr,qns30996,6.8,1
qns30996_833,ELDER-BIOME_3.0 NL57847.018.16 7011_D0 PAXGENE,qns30996_plate09_pr,qns30996,7.1,1
qns30996_834,ELDER-BIOME_3.0 NL57847.018.16 7012_D0 PAXGENE,qns30996_plate09_pr,qns30996,6.3,1
qns30996_835,ELDER-BIOME_3.0 NL57847.018.16 7013_D0 PAXGENE,qns30996_plate09_pr,qns30996,6.7,1
qns30996_836,ELDER-BIOME_3.0 NL57847.018.16 7014_D0 PAXGENE,qns30996_plate09_pr,qns30996,6.7,1
qns31079_042,EB_3.0 NL57847.018.16 3300_D0,qns31079_plate_1,qns31079,6.4,1
qns31079_043,EB_3.0 NL57847.018.16 3301_D0,qns31079_plate_1,qns31079,5.5,0
qns31079_044,EB_3.0 NL57847.018.16 3304_D0,qns31079_plate_1,qns31079,6.1,1
qns31079_045,EB_3.0 NL57847.018.16 3305_D0,qns31079_plate_1,qns31079,5.5,1
qns31079_046,EB_3.0 NL57847.018.16 3306_D0,qns31079_plate_1,qns31079,6.6,1
qns31079_047,EB_3.0 NL57847.018.16 3307_D0,qns31079_plate_1,qns31079,5.8,1
qns31079_048,EB_3.0 NL57847.018.16 3308_D0,qns31079_plate_1,qns31079,5.8,1
qns31079_049,EB_3.0 NL57847.018.16 3309_D0,qns31079_plate_1,qns31079,5.8,1
qns31079_050,EB_3.0 NL57847.018.16 3310_D0,qns31079_plate_1,qns31079,6.1,1
qns31079_051,EB_3.0 NL57847.018.16 3311_D0,qns31079_plate_1,qns31079,6.3,1
qns31079_052,EB_3.0 NL57847.018.16 3312_D0,qns31079_plate_1,qns31079,5.7,1
qns31079_053,EB_3.0 NL57847.018.16 3313_D0,qns31079_plate_1,qns31079,6.1,1
qns31079_054,EB_3.0 NL57847.018.16 3314_D0,qns31079_plate_1,qns31079,6.2,1
qns31079_055,EB_3.0 NL57847.018.16 3315_D0,qns31079_plate_1,qns31079,6.2,1
qns31079_056,EB_3.0 NL57847.018.16 3317_D0,qns31079_plate_1,qns31079,5.6,1
qns31079_057,EB_3.0 NL57847.018.16 3318_D0,qns31079_plate_1,qns31079,5.3,1
qns31079_058,EB_3.0 NL57847.018.16 3319_D0,qns31079_plate_1,qns31079,5.9,1
qns31079_059,EB_3.0 NL57847.018.16 3321_D0,qns31079_plate_1,qns31079,5.5,1
qns31079_060,EB_3.0 NL57847.018.16 3322_D0,qns31079_plate_1,qns31079,5.7,0
qns31079_061,EB_3.0 NL57847.018.16 3323_D0,qns31079_plate_1,qns31079,6.1,1
qns31079_062,EB_3.0 NL57847.018.16 3324_D0,qns31079_plate_1,qns31079,5.9,1
qns31079_063,EB_3.0 NL57847.018.16 3325_D0,qns31079_plate_1,qns31079,5.8,1
qns31079_064,EB_3.0 NL57847.018.16 3326_D0,qns31079_plate_1,qns31079,5.6,1
qns31079_065,EB_3.0 NL57847.018.16 3327_D0,qns31079_plate_1,qns31079,5.9,0
qns31079_066,EB_3.0 NL57847.018.16 3329_D0,qns31079_plate_1,qns31079,6.3,1
qns31079_067,EB_3.0 NL57847.018.16 3331_D0,qns31079_plate_1,qns31079,5.7,1
qns31079_068,EB_3.0 NL57847.018.16 3332_D0,qns31079_plate_1,qns31079,5.6,1
qns31079_069,EB_3.0 NL57847.018.16 3333_D0,qns31079_plate_1,qns31079,6.2,1
qns31079_070,EB_3.0 NL57847.018.16 3334_D0,qns31079_plate_1,qns31079,6.5,1
qns31079_071,EB_3.0 NL57847.018.16 3335_D0,qns31079_plate_1,qns31079,6.7,1
qns31079_072,EB_3.0 NL57847.018.16 3336_D0,qns31079_plate_1,qns31079,6.5,1
qns31079_073,EB_3.0 NL57847.018.16 3337_D0,qns31079_plate_1,qns31079,5.9,1
qns31079_074,EB_3.0 NL57847.018.16 3338_D0,qns31079_plate_1,qns31079,6.6,1
qns31079_075,EB_3.0 NL57847.018.16 3340_D0,qns31079_plate_1,qns31079,5.8,1
qns31079_076,EB_3.0 NL57847.018.16 3341_D0,qns31079_plate_1,qns31079,5.6,1
qns31079_077,EB_3.0 NL57847.018.16 3342_D0,qns31079_plate_1,qns31079,6.2,1
qns31079_078,EB_3.0 NL57847.018.16 3343_D0,qns31079_plate_1,qns31079,6.8,1
qns31079_079,EB_3.0 NL57847.018.16 3344_D0,qns31079_plate_1,qns31079,6.1,1
qns31079_080,EB_3.0 NL57847.018.16 3346_D0,qns31079_plate_1,qns31079,6.5,1
qns31079_081,EB_3.0 NL57847.018.16 3347_D0,qns31079_plate_1,qns31079,6.7,1
qns31079_082,EB_3.0 NL57847.018.16 3349_D0,qns31079_plate_1,qns31079,6.4,1
qns31079_083,EB_3.0 NL57847.018.16 3350_D0,qns31079_plate_1,qns31079,6.5,1
qns31079_084,EB_3.0 NL57847.018.16 3351_D0,qns31079_plate_1,qns31079,6.1,1
qns31079_085,EB_3.0 NL57847.018.16 3352_D0,qns31079_plate_1,qns31079,6.5,1
qns31079_086,EB_3.0 NL57847.018.16 3353_D0,qns31079_plate_1,qns31079,5.2,1
qns31079_087,EB_3.0 NL57847.018.16 3354_D0,qns31079_plate_1,qns31079,7.2,1
qns31079_088,EB_3.0 NL57847.018.16 3261_D0,qns31079_plate_1,qns31079,5.4,1
qns31079_089,EB NL57847.018.16 7001_d0,qns31079_plate_1,qns31079,6.3,1
qns31079_090,EB_2.0 NL57847.018.16 7002_d0,qns31079_plate_1,qns31079,6.9,1
qns31079_091,EB_2.0 NL57847.018.16 7003_d0,qns31079_plate_1,qns31079,6.6,0
qns31079_092,EB_2.0 NL57847.018.16 7005_d0,qns31079_plate_1,qns31079,6.7,1
qns31079_093,EB_3.0 NL57847.018.16 7006_D0,qns31079_plate_1,qns31079,6.6,1
qns31079_094,EB_3.0 NL57847.018.16 7015_D0,qns31079_plate_1,qns31079,6.1,1
qns31079_095,BO NL57923.018.16 1009,qns31079_plate_1,qns31079,6.5,1
qns31079_096,BO NL57923.018.16 1014,qns31079_plate_2,qns31079,6.4,1
qns31079_097,BO NL57923.018.16 1027,qns31079_plate_2,qns31079,6.5,1
qns31079_098,BO NL57923.018.16 1049,qns31079_plate_2,qns31079,6.1,1
qns31079_099,BO NL57923.018.16 1053,qns31079_plate_2,qns31079,6.2,1
qns31079_100,BO NL57923.018.16 1062,qns31079_plate_2,qns31079,5.3,1
qns31079_101,BO NL57923.018.16 1066,qns31079_plate_2,qns31079,6.8,1
qns31079_102,BO NL57923.018.16 1068,qns31079_plate_2,qns31079,5.7,1
qns31079_103,BO NL57923.018.16 1072,qns31079_plate_2,qns31079,5.2,1
qns31079_104,BO NL57923.018.16 1078,qns31079_plate_2,qns31079,6.6,1
qns31079_105,BO NL57923.018.16 1106,qns31079_plate_2,qns31079,6.6,1
qns31079_106,BO NL57923.018.16 1122,qns31079_plate_2,qns31079,7,0
qns31079_107,BO NL57923.018.16 1126,qns31079_plate_2,qns31079,6.3,1
qns31079_108,BO NL57923.018.16 1170,qns31079_plate_2,qns31079,5.9,1
qns31079_109,BO NL57923.018.16 1193,qns31079_plate_2,qns31079,6.4,1
qns31079_110,BO NL57923.018.16 1195,qns31079_plate_2,qns31079,5.8,1
qns31079_111,BO NL57923.018.16 1213,qns31079_plate_2,qns31079,6,1
qns31079_112,BO NL57923.018.16 1232,qns31079_plate_2,qns31079,6.4,1
qns31079_113,BO NL57923.018.16 1244,qns31079_plate_2,qns31079,6.8,0
qns31079_114,BO NL57923.018.16 1266,qns31079_plate_2,qns31079,6.6,1
qns31079_115,BO NL57923.018.16 1310,qns31079_plate_2,qns31079,5.5,1
qns31079_116,BO NL57923.018.16 1317,qns31079_plate_2,qns31079,5.8,1
qns31079_117,BO NL57923.018.16 1334,qns31079_plate_2,qns31079,6.9,1
qns31079_118,BO NL57923.018.16 1337,qns31079_plate_2,qns31079,6,1
qns31079_119,BO NL57923.018.16 1342,qns31079_plate_2,qns31079,5.6,1
qns31079_120,BO NL57923.018.16 1347,qns31079_plate_2,qns31079,6.6,1
qns31079_121,BO NL57923.018.16 1367,qns31079_plate_2,qns31079,6.5,1
qns31079_122,BO NL57923.018.16 1369,qns31079_plate_2,qns31079,6.7,1
qns31079_123,BO NL57923.018.16 1383,qns31079_plate_2,qns31079,6.2,1
qns31079_124,BO NL57923.018.16 1386,qns31079_plate_2,qns31079,1.3,1
qns31079_125,BO NL57923.018.16 1397,qns31079_plate_2,qns31079,7.1,1
qns31079_126,BO NL57923.018.16 1399,qns31079_plate_2,qns31079,6,1
qns31079_127,BO NL57923.018.16 1400,qns31079_plate_2,qns31079,5.8,1
qns31079_128,BO NL57923.018.16 1409,qns31079_plate_2,qns31079,6.7,1
qns31079_129,BO NL57923.018.16 1420,qns31079_plate_2,qns31079,6.6,1
qns31079_130,BO NL57923.018.16 1434,qns31079_plate_2,qns31079,5.6,1
qns31079_131,BO NL57923.018.16 1436,qns31079_plate_2,qns31079,6.2,1
qns31079_132,BO NL57923.018.16 SG2008,qns31079_plate_2,qns31079,6.5,1
qns31079_133,BO NL57923.018.16 SG2023,qns31079_plate_2,qns31079,6.2,1
qns31079_134,BO NL57923.018.16 SG2027,qns31079_plate_2,qns31079,5.7,1
qns31079_135,BO NL57923.018.16 SG2029,qns31079_plate_2,qns31079,6.1,1
qns31079_136,BO NL57923.018.16 SG2030,qns31079_plate_2,qns31079,6.5,1
qns31079_137,BO NL57923.018.16 SG2031,qns31079_plate_2,qns31079,5.8,1
qns31079_138,BO NL57923.018.16 SG2033,qns31079_plate_2,qns31079,6.1,1
qns31079_139,BO NL57923.018.16 SG2036,qns31079_plate_2,qns31079,5.7,1
qns31079_140,BO NL57923.018.16 SG2038,qns31079_plate_2,qns31079,5.9,1
qns31079_141,BO NL57923.018.16 SG2043,qns31079_plate_2,qns31079,5.9,1
qns31079_142,BO NL57923.018.16 SG2055,qns31079_plate_2,qns31079,6.3,1
qns31079_143,BO NL57923.018.16 SG2075,qns31079_plate_2,qns31079,5.8,1
qns31079_144,BO NL57923.018.16 SG2077,qns31079_plate_2,qns31079,6.1,1
qns31079_145,BO NL57923.018.16 SG2087,qns31079_plate_2,qns31079,7.1,1
qns31079_146,BO NL57923.018.16 SG2097,qns31079_plate_2,qns31079,6.3,1
qns31079_147,BO NL57923.018.16 SG2107,qns31079_plate_2,qns31079,6,1
qns31079_148,BO NL57923.018.16 SG2110,qns31079_plate_2,qns31079,5.7,1
qns31079_149,BO NL57923.018.16 SG2139,qns31079_plate_2,qns31079,6.2,1
qns31079_150,BO NL57923.018.16 SG2147,qns31079_plate_2,qns31079,6.3,1
qns31079_151,BO NL57923.018.16 SG2152,qns31079_plate_2,qns31079,6.1,1
qns31079_152,BO NL57923.018.16 SG2175,qns31079_plate_2,qns31079,6.8,1
qns31079_153,BO NL57923.018.16 1010,qns31079_plate_2,qns31079,6.3,1
qns31079_154,BO NL57923.018.16 1016,qns31079_plate_2,qns31079,6.2,1
qns31079_155,BO NL57923.018.16 1051,qns31079_plate_2,qns31079,6.8,1
qns31079_156,BO NL57923.018.16 1064,qns31079_plate_2,qns31079,5.8,1
qns31079_157,BO NL57923.018.16 1073,qns31079_plate_2,qns31079,6.9,1
qns31079_158,BO NL57923.018.16 1124,qns31079_plate_2,qns31079,5.6,1
qns31079_159,BO NL57923.018.16 1140,qns31079_plate_2,qns31079,6.4,1
qns31079_160,BO NL57923.018.16 1171,qns31079_plate_2,qns31079,6.7,1
qns31079_161,BO NL57923.018.16 1189,qns31079_plate_2,qns31079,6.7,1
qns31079_162,BO NL57923.018.16 1208,qns31079_plate_2,qns31079,6.4,1
qns31079_163,BO NL57923.018.16 1217,qns31079_plate_2,qns31079,6.4,1
qns31079_164,BO NL57923.018.16 1220,qns31079_plate_2,qns31079,5.3,1
qns31079_165,BO NL57923.018.16 1222,qns31079_plate_2,qns31079,6.7,1
qns31079_166,BO NL57923.018.16 1228,qns31079_plate_2,qns31079,6.3,1
qns31079_167,BO NL57923.018.16 1253,qns31079_plate_2,qns31079,6.9,1
qns31079_168,BO NL57923.018.16 1339,qns31079_plate_2,qns31079,6.7,1
qns31079_169,BO NL57923.018.16 1343,qns31079_plate_2,qns31079,6.6,1
qns31079_170,BO NL57923.018.16 1354,qns31079_plate_2,qns31079,6.4,1
qns31079_171,BO NL57923.018.16 1359,qns31079_plate_2,qns31079,6.4,1
qns31079_172,BO NL57923.018.16 1365,qns31079_plate_2,qns31079,6.6,1
qns31079_173,BO NL57923.018.16 1390,qns31079_plate_2,qns31079,6.7,1
qns31079_174,BO NL57923.018.16 1394,qns31079_plate_2,qns31079,6.9,1
qns31079_175,BO NL57923.018.16 1403,qns31079_plate_2,qns31079,6.5,1
qns31079_176,BO NL57923.018.16 1432,qns31079_plate_2,qns31079,6.5,0
qns31079_177,BO NL57923.018.16 SG2024,qns31079_plate_2,qns31079,6.6,1
qns31079_178,BO NL57923.018.16 SG2028,qns31079_plate_2,qns31079,6.3,1
qns31079_179,BO NL57923.018.16 SG2051,qns31079_plate_2,qns31079,6.6,1
qns31079_180,BO NL57923.018.16 SG2060,qns31079_plate_2,qns31079,6.2,1
qns31079_181,BO NL57923.018.16 SG2070,qns31079_plate_2,qns31079,6.2,1
qns31079_182,BO NL57923.018.16 SG2071,qns31079_plate_2,qns31079,6.5,1
qns31079_183,2080,qns31079_plate_2,qns31079,5.8,1
qns31079_184,BO NL57923.018.16 SG2098,qns31079_plate_2,qns31079,6.1,1
qns31079_185,BO NL57923.018.16 SG2112,qns31079_plate_2,qns31079,6.8,1
qns31079_186,BO NL57923.018.16 SG2138,qns31079_plate_2,qns31079,6.6,1
qns31079_187,BO NL57923.018.16 SG2164,qns31079_plate_2,qns31079,6.6,1
qns31079_188,EB NL57847.018.21 1056_d0,qns31079_plate_2,qns31079,6.3,1
qns31079_189,EB NL57847.018.21 1057_d0,qns31079_plate_2,qns31079,5.5,0
qns31079_190,EB NL57847.018.21 1058_d0,qns31079_plate_2,qns31079,5.2,1
qns31079_191,EB NL57847.018.21 1059_d0,qns31079_plate_3,qns31079,6.4,1
qns31079_192,EB NL57847.018.21 1060_d0,qns31079_plate_3,qns31079,6.5,1
qns31079_193,EB NL57847.018.21 1061_d0,qns31079_plate_3,qns31079,6.1,0
qns31079_194,EB NL57847.018.21 1062_d0,qns31079_plate_3,qns31079,6.2,1
qns31079_195,EB NL57847.018.21 1063_d0,qns31079_plate_3,qns31079,5.3,1
qns31079_196,EB NL57847.018.21 1064_d0,qns31079_plate_3,qns31079,6.8,1
qns31079_197,EB NL57847.018.21 1066_d0,qns31079_plate_3,qns31079,5.7,1
qns31079_198,EB NL57847.018.21 1067_d0,qns31079_plate_3,qns31079,5.2,1
qns31079_199,EB NL57847.018.21 1068_d0,qns31079_plate_3,qns31079,6.6,1
qns31079_200,EB NL57847.018.21 1069_d0,qns31079_plate_3,qns31079,6.6,1
qns31079_201,EB NL57847.018.21 1070_d0,qns31079_plate_3,qns31079,7,1
qns31079_202,EB NL57847.018.21 1071_d0,qns31079_plate_3,qns31079,6.3,1
qns31079_203,EB NL57847.018.21 1072_d0,qns31079_plate_3,qns31079,5.9,1
qns31079_204,EB NL57847.018.21 1073_d0,qns31079_plate_3,qns31079,6.4,1
qns31079_205,EB NL57847.018.21 1074_d0,qns31079_plate_3,qns31079,5.8,1
qns31079_206,EB NL57847.018.21 1075_d0,qns31079_plate_3,qns31079,6,1
qns31079_207,EB NL57847.018.21 1076_d0,qns31079_plate_3,qns31079,6.4,1
qns31079_208,EB NL57847.018.21 1077_d0,qns31079_plate_3,qns31079,6.8,1
qns31079_209,EB NL57847.018.21 1079_d0,qns31079_plate_3,qns31079,6.6,1
qns31079_210,EB NL57847.018.21 1080_d0,qns31079_plate_3,qns31079,5.5,1
qns31079_211,EB NL57847.018.21 1082_d0,qns31079_plate_3,qns31079,5.8,1
qns31079_212,EB NL57847.018.21 1083_d0,qns31079_plate_3,qns31079,6.9,1
qns31079_213,EB NL57847.018.21 1084_d0,qns31079_plate_3,qns31079,6,1
qns31079_214,EB NL57847.018.21 1085_d0,qns31079_plate_3,qns31079,5.6,1
qns31079_215,EB NL57847.018.21 1086_d0,qns31079_plate_3,qns31079,6.6,1
qns31079_216,EB NL57847.018.21 1087_d0,qns31079_plate_3,qns31079,6.5,0
qns31079_217,EB NL57847.018.21 1088_d0,qns31079_plate_3,qns31079,6.7,1
qns31079_218,EB NL57847.018.21 1089_d0,qns31079_plate_3,qns31079,6.2,1
qns31079_219,EB NL57847.018.21 1090_d0,qns31079_plate_3,qns31079,1.3,1
qns31079_220,EB NL57847.018.21 1091_d0,qns31079_plate_3,qns31079,7.1,1
qns31079_221,EB NL57847.018.21 1092_d0,qns31079_plate_3,qns31079,6,1
qns31079_222,EB NL57847.018.21 1093_d0,qns31079_plate_3,qns31079,5.8,1
qns31079_223,EB_2.0 NL57847.018.16 1094_d0,qns31079_plate_3,qns31079,6.7,0
qns31079_224,EB_2.0 NL57847.018.16 1096_d0,qns31079_plate_3,qns31079,6.6,1
qns31079_225,EB_2.0 NL57847.018.16 1097_d0,qns31079_plate_3,qns31079,5.6,1
qns31079_226,EB_2.0 NL57847.018.16 1098_d0,qns31079_plate_3,qns31079,6.2,1
qns31079_227,EB_2.0 NL57847.018.16 1100_d0,qns31079_plate_3,qns31079,6.5,1
qns31079_228,EB_2.0 NL57847.018.16 1101_d0,qns31079_plate_3,qns31079,6.2,1
qns31079_229,EB_2.0 NL57847.018.16 1102_d0,qns31079_plate_3,qns31079,5.7,1
qns31079_230,EB_2.0 NL57847.018.16 1103_d0,qns31079_plate_3,qns31079,6.1,1
qns31079_231,EB_2.0 NL57847.018.16 1104_d0,qns31079_plate_3,qns31079,6.5,1
qns31079_232,EB_2.0 NL57847.018.16 1105_d0,qns31079_plate_3,qns31079,5.8,1
qns31079_233,EB_2.0 NL57847.018.16 1106_d0,qns31079_plate_3,qns31079,6.1,1
qns31079_234,EB_2.0 NL57847.018.16 1107_d0,qns31079_plate_3,qns31079,5.7,1
qns31079_235,EB_2.0 NL57847.018.16 1108_d0,qns31079_plate_3,qns31079,5.9,0
qns31079_236,EB_2.0 NL57847.018.16 1109_d0,qns31079_plate_3,qns31079,5.9,1
qns31079_237,EB_2.0 NL57847.018.16 1110_d0,qns31079_plate_3,qns31079,6.3,1
qns31079_238,EB_2.0 NL57847.018.16 1111_d0,qns31079_plate_3,qns31079,5.8,1
qns31079_239,EB_2.0 NL57847.018.16 1112_DAY 0,qns31079_plate_3,qns31079,6.1,1
qns31079_240,EB_2.0 NL57847.018.16 1113_DAY 0,qns31079_plate_3,qns31079,7.1,1
qns31079_241,EB_2.0 NL57847.018.16 1114_d0,qns31079_plate_3,qns31079,6.3,1
qns31079_242,EB_2.0 NL57847.018.16 1115_d0,qns31079_plate_3,qns31079,6,1
qns31079_243,EB_2.0 NL57847.018.16 1116_d0,qns31079_plate_3,qns31079,5.7,1
qns31079_244,EB_2.0 NL57847.018.16 1118_d0,qns31079_plate_3,qns31079,6.2,1
qns31079_245,EB_2.0 NL57847.018.16 1119_d0,qns31079_plate_3,qns31079,6.3,1
qns31079_246,EB_2.0 NL57847.018.16 1120_d0,qns31079_plate_3,qns31079,6.1,1
qns31079_247,EB_3.0 NL57847.018.16 1167_D0,qns31079_plate_3,qns31079,6.8,1
qns31079_248,EB_3.0 NL57847.018.16 1200_D0,qns31079_plate_3,qns31079,6.3,1
qns31079_249,EB_3.0 NL57847.018.16 1217_D0,qns31079_plate_3,qns31079,6.2,1
qns31079_250,EB_3.0 NL57847.018.16 1220_D0,qns31079_plate_3,qns31079,6.8,1
qns31079_251,EB_3.0 NL57847.018.16 1221_D0,qns31079_plate_3,qns31079,5.8,1
qns31079_252,EB_3.0 NL57847.018.16 1231_D0,qns31079_plate_3,qns31079,6.9,1
qns31079_253,EB_3.0 NL57847.018.16 1232_D0,qns31079_plate_3,qns31079,5.6,1
qns31079_254,EB_3.0 NL57847.018.16 1233_D0,qns31079_plate_3,qns31079,6.4,1
qns31079_255,EB_3.0 NL57847.018.16 1234_D0,qns31079_plate_3,qns31079,6.7,1
qns31079_256,EB_3.0 NL57847.018.16 1235_D0,qns31079_plate_3,qns31079,6.7,1
qns31079_257,EB_3.0 NL57847.018.16 1236_D0,qns31079_plate_3,qns31079,6.4,1
qns31079_258,EB_3.0 NL57847.018.16 1237_D0,qns31079_plate_3,qns31079,6.4,1
qns31079_259,EB_3.0 NL57847.018.16 1238_D0,qns31079_plate_3,qns31079,5.3,1
qns31079_260,EB_3.0 NL57847.018.16 1239_D0,qns31079_plate_3,qns31079,6.7,1
qns31079_261,EB_3.0 NL57847.018.16 1240_D0,qns31079_plate_3,qns31079,6.3,1
qns31079_262,EB_3.0 NL57847.018.16 1241_D0,qns31079_plate_3,qns31079,6.9,1
qns31079_263,EB_3.0 NL57847.018.16 1242_D0,qns31079_plate_3,qns31079,6.7,1
qns31079_264,EB_3.0 NL57847.018.16 1243_D0,qns31079_plate_3,qns31079,6.6,1
qns31079_265,EB_3.0 NL57847.018.16 1244_D0,qns31079_plate_3,qns31079,6.4,1
qns31079_266,EB_3.0 NL57847.018.16 1245_D0,qns31079_plate_3,qns31079,6.4,1
qns31079_267,EB_3.0 NL57847.018.16 1246_D0,qns31079_plate_3,qns31079,6.6,1
qns31079_268,EB_3.0 NL57847.018.16 1247_D0,qns31079_plate_3,qns31079,6.7,1
qns31079_269,EB_3.0 NL57847.018.16 1248_D0,qns31079_plate_3,qns31079,6.9,1
qns31079_270,EB_3.0 NL57847.018.16 1249_D0,qns31079_plate_3,qns31079,6.5,1
qns31079_271,EB NL57847.018.21 3001_d0,qns31079_plate_3,qns31079,6.5,0
qns31079_272,EB NL57847.018.21 3002_d0,qns31079_plate_3,qns31079,6.6,1
qns31079_273,EB NL57847.018.21 3005_d0,qns31079_plate_3,qns31079,6.3,1
qns31079_274,EB NL57847.018.21 3006_d0,qns31079_plate_3,qns31079,6.6,1
qns31079_275,EB NL57847.018.21 3007_d0,qns31079_plate_3,qns31079,6.2,1
qns31079_276,EB NL57847.018.21 3008_d0,qns31079_plate_3,qns31079,6.2,1
qns31079_277,EB NL57847.018.21 3009_d0,qns31079_plate_3,qns31079,6.5,1
qns31079_278,EB NL57847.018.21 3010_d0,qns31079_plate_3,qns31079,5.8,1
qns31079_279,EB NL57847.018.21 3011_d0,qns31079_plate_3,qns31079,6.1,1
qns31079_280,EB NL57847.018.21 3012_d0,qns31079_plate_3,qns31079,6.8,1
qns31079_281,EB NL57847.018.21 3013_d0,qns31079_plate_3,qns31079,6.6,1
qns31079_282,EB NL57847.018.21 3014_d0,qns31079_plate_3,qns31079,6.6,1
qns31079_283,EB NL57847.018.21 3015_d0,qns31079_plate_3,qns31079,6.3,1
qns31079_284,EB NL57847.018.21 3016_d0,qns31079_plate_3,qns31079,5.5,1
qns31079_285,EB NL57847.018.21 3018_d0,qns31079_plate_3,qns31079,5.2,1
qns31079_286,EB NL57847.018.21 3019_d0,qns31079_plate_4,qns31079,6,1
qns31079_287,EB NL57847.018.21 3020_d0,qns31079_plate_4,qns31079,6.2,1
qns31079_288,EB NL57847.018.21 3022_d0,qns31079_plate_4,qns31079,5.8,1
qns31079_289,EB NL57847.018.21 3023_d0,qns31079_plate_4,qns31079,6.2,1
qns31079_290,EB NL57847.018.21 3024_d0,qns31079_plate_4,qns31079,6.2,1
qns31079_291,EB NL57847.018.21 3025_d0,qns31079_plate_4,qns31079,6,1
qns31079_292,EB NL57847.018.21 3026_d0,qns31079_plate_4,qns31079,5.4,1
qns31079_293,EB NL57847.018.21 3027_d0,qns31079_plate_4,qns31079,6.4,1
qns31079_294,EB NL57847.018.21 3028_d0,qns31079_plate_4,qns31079,5.8,1
qns31079_295,EB NL57847.018.21 3029_d0,qns31079_plate_4,qns31079,6.2,1
qns31079_296,EB NL57847.018.21 3030_d0,qns31079_plate_4,qns31079,5.8,1
qns31079_297,EB NL57847.018.21 3031_d0,qns31079_plate_4,qns31079,5,1
qns31079_298,EB NL57847.018.21 3032_d0,qns31079_plate_4,qns31079,5.6,1
qns31079_299,EB_2.0 NL57847.018.16 3033_d0,qns31079_plate_4,qns31079,6,1
qns31079_300,EB_2.0 NL57847.018.16 3034_d0,qns31079_plate_4,qns31079,5.4,1
qns31079_301,EB_2.0 NL57847.018.16 3036_d0,qns31079_plate_4,qns31079,6,1
qns31079_302,EB_2.0 NL57847.018.16 3037_d0,qns31079_plate_4,qns31079,6.1,1
qns31079_303,EB_2.0 NL57847.018.16 3040_d0,qns31079_plate_4,qns31079,5.1,1
qns31079_304,EB_2.0 NL57847.018.16 3041_d0,qns31079_plate_4,qns31079,6.1,1
qns31079_305,EB_2.0 NL57847.018.16 3042_d0,qns31079_plate_4,qns31079,5.1,1
qns31079_306,EB_2.0 NL57847.018.16 3043_d0,qns31079_plate_4,qns31079,5.2,1
qns31079_307,EB_2.0 NL57847.018.16 3044_d0,qns31079_plate_4,qns31079,5.9,1
qns31079_308,EB_2.0 NL57847.018.16 3045_d0,qns31079_plate_4,qns31079,5.5,1
qns31079_309,EB_2.0 NL57847.018.16 3046_d0,qns31079_plate_4,qns31079,5.9,1
qns31079_310,EB_2.0 NL57847.018.16 3047_d0,qns31079_plate_4,qns31079,6.2,0
qns31079_311,EB_2.0 NL57847.018.16 3048_d0,qns31079_plate_4,qns31079,5.7,1
qns31079_312,EB_2.0 NL57847.018.16 3049_d0,qns31079_plate_4,qns31079,5.9,1
qns31079_313,EB_2.0 NL57847.018.16 3052_d0,qns31079_plate_4,qns31079,6.7,1
qns31079_314,EB_3.0 NL57847.018.16 3073_D0,qns31079_plate_4,qns31079,5.5,1
qns31079_315,EB_3.0 NL57847.018.16 3112_D0,qns31079_plate_4,qns31079,5.5,1
qns31079_316,EB_3.0 NL57847.018.16 3124_D0,qns31079_plate_4,qns31079,5.3,1
qns31079_317,EB_3.0 NL57847.018.16 3140_D0,qns31079_plate_4,qns31079,6.2,1
qns31079_318,EB_3.0 NL57847.018.16 3176_D0,qns31079_plate_4,qns31079,5.3,1
qns31079_319,EB_3.0 NL57847.018.16 3188_D0,qns31079_plate_4,qns31079,5.5,1
qns31079_320,EB_3.0 NL57847.018.16 3191_D0,qns31079_plate_4,qns31079,6.2,1
qns31079_321,EB_3.0 NL57847.018.16 3223_D0,qns31079_plate_4,qns31079,5.4,1
qns31079_322,EB_3.0 NL57847.018.16 3249_D0,qns31079_plate_4,qns31079,6,1
qns31079_323,EB_3.0 NL57847.018.16 3255_D0,qns31079_plate_4,qns31079,5.8,1
qns31079_324,EB_3.0 NL57847.018.16 3260_D0,qns31079_plate_4,qns31079,5.3,1
qns31079_325,EB_3.0 NL57847.018.16 3271_D0,qns31079_plate_4,qns31079,5.9,1
qns31079_326,EB_3.0 NL57847.018.16 3273_D0,qns31079_plate_4,qns31079,5.7,1
qns31079_327,EB_3.0 NL57847.018.16 3274_D0,qns31079_plate_4,qns31079,6.1,1
qns31079_328,EB_3.0 NL57847.018.16 3275_D0,qns31079_plate_4,qns31079,4.9,1
qns31079_329,EB_3.0 NL57847.018.16 3292_D0,qns31079_plate_4,qns31079,5,1
qns31079_330,EB_3.0 NL57847.018.16 3293_D0,qns31079_plate_4,qns31079,4.4,1
qns31079_331,EB_3.0 NL57847.018.16 3294_D0,qns31079_plate_4,qns31079,5,1
qns31079_332,EB_3.0 NL57847.018.16 3295_D0,qns31079_plate_4,qns31079,6.4,1
qns31079_333,EB_3.0 NL57847.018.16 3298_D0,qns31079_plate_4,qns31079,6.5,1
